ID;1;2;3;4;5;6;7;8;9;10;11;13;14;15;16;17;18;19;20;21;22;23;24;25;26;27;28;29;30;31;32;33;34;35;36;37;38;39;40;41;42;43;44;45;46;47;48;49;50;51;52;53;54;55;56;57;58;59;60;61;62;63;64;65;66;67;68;69;70;71;72;73;74;75;76;77;78;79;80;81;82;83;84;85;86;87;88;89;90;91;92;93;94;95;96;97;98;99;100;101;102;103;104;105;106;107;108;109;110;111;112;113;114;115;116;117;118;119;120;122;123;124;125;126;127;128;129;130;131;132;133;134;135;136;137;138;139;140;147;148;149;150;151;152;153;154;155;156;157;158;159;160;161;162;163;164;165;166;167;168;169;170;171;172;173;174;175;176;177;178;179;180;201;202;203;204;205;206;207;208;209;210;211;212;213;214;215;216;217;218;219;220;221;222;223;224;225;226;227;228;229;230;231;232;233;234;235;236;237;238;239;240;241;242;243;244;245;246;247;248;249;251;252;253;254;255;256;257;258;259;261;262;263;264;265;266;267;268;269;270;271;272;273;274;275;276;277;278;279;280;281;286;287;288;289;290;294;295;296;297;301;302;303;304;305;306;307;308;309;310;311;312;313;314;315;316;317;318;319;320;321;322;323;324;325;326;327;328;329;330;331;332;333;334;335;336;337;338;339;340;341;342;343;344;345;346;347;348;349;350;351;352;353;354;355;356;357;358;359;360;361;362;363;364;365;366;367;368;369;370;371;372;373;374;375;376;377;378;379;380;381;382;383;384;385;386;387;388;389;390;391;392;393;394;395;396;397;398;399;400;401;402;403;404;405;406;407;408;409;410;411;412;413;414;415;416;417;418;419;420;421;422;423;424;425;426;427;428;429;430;431;432;433;434;451;452;453;454;455;456;457;458;459;460;461;462;taxonomy_f;taxonomy_g
Nem_1;0;0;30,37;0;0;50,49;9,94;0;0;0;0;40,57;0;12,29;0;9,57;0;0;0;0;38,22;14,73;0;30,43;0;0;206,41;0;0;57,48;0;0;0;45,07;0;0;0;0;0;0;0;0;0;0;0;0;0;0;0;38,43;13,43;2;76,01;0;0;103,47;15;69,43;18,97;26,25;2;0;56,39;134,94;329,84;88,86;9,76;15,78;9,73;79,74;0;0;30,72;0;0;0;0;100;0;0;0;50,1;0;228,93;0;0;0;0;28,85;20,58;0;0;20;0;0;0;0;0;0;0;0;0;42,25;31,66;42,55;4,68;0;0;24,85;42,98;18,1;30,88;0;0;0;0;18,83;0;27,16;0;0;0;8;54,47;28,38;33,84;0;0;0;20,37;183,18;89,64;4,86;48,92;9,61;0;9,07;47,17;0;0;0;45,62;0;14;21,94;0;0;2;0;11,13;102,73;54,66;17,9;0;0;35,68;17,84;16,43;0;200;0;8;0;0;0;92,91;0;2;0;17,77;0;0;0;63,49;0;0;0;4;0;0;21,41;44,66;13,36;25,72;51,18;14,86;0;0;207,28;0;26,2;0;1,77;59,86;5,69;1;8,23;0;0;2;0;0;0;12,67;0;11,58;50,42;2;2,78;0;0;0;4,98;0;53,23;0;0;0;34;64,59;14,64;0;0;0;0;0;32,13;0,97;17,23;194,71;0;4;36,03;119,22;10,64;0;4;24,95;29,3;0;2;0;0;0;56,18;4,02;16,69;0;0;0;13,16;0;0;0;41,52;0;0;0;0;0;21,69;10,57;59,37;67,84;0;18,71;8;0;4;0;0;10;117,26;0;74,87;79,92;0;10;37,35;15,96;0;8;0;9,14;51,74;0;0;0;0;0;50;0;33,68;36,52;9,13;26,18;12,63;0;0;2;63,88;8;22,63;0;10;43,09;0;0;6;42,49;8,78;0;0;121,74;46,9;0;72,79;0;2;34,42;0;0;0;14,95;2;0;0;0;14,19;0;0;0;0;0;10,8;0;17,38;50,99;0;0;0;0;0;0;0;0;22,86;93,53;0;0;23,26;0;0;0;0;0;0;0;0;0;0;0;37,23;0;4,88;0;0;38,32;0;0;0;0;0;0;8,25;0;0;0;0;0;0;0;0;0;0;0;0;27,66;0;0;0;0;0;0;0;0;4;0;0;13,3;22,06;9,02;2;8,26;0;0;Alaimidae;NA
Nem_2;0;0;0;0;0;0;0;0;0;0;0;0;0;0;0;0;0;0;0;0;0;0;0;0;0;0;0;0;0;0;0;0;0;0;0;0;0;0;0;0;0;0;0;0;0;0;0;0;0;0;0;0;0;0;0;0;0;0;0;0;8,63;0;0;0;0;0;0;0;19,45;0;15,2;0;0;0;0;0;42,02;0;0;0;0;0;0;0;0;0;0;0;0;0;0;0;0;0;0;0;0;0;0;0;0;0;0;0;0;0;0;0;24,85;0;0;0;0;0;0;0;0;0;0;0;0;0;0;0;0;0;0;18,46;0;0;0;0;0;0;0;0;0;0;0;0;0;0;0;0;0;0;0;1;0;0;0;0;0;0;0;0;0;0;0;0;0;0;20,49;0;0;0;0;0;0;0;0;0;0;0;0;0;0;0;0;0;0;0;0;0;0;0;27,89;0;0;0;0;0;0;0;0;0;0;0;0;0;0;0;0;0;0;0;0;0;0;0;0;0;0;0;0;0;0;0;0;0;0;0;0;0;0;0;0;0;0;0;0;0;0;0;0;0;0;0;0;0;0;0;0;0;0;0;0;0;0;0;0;0;0;0;0;0;0;0;0;0;0;0;0;0;0;0;0;0;0;0;0;0;0;0;0;0;0;0;0;0;0;0;0;0;0;0;0;0;0;0;0;0;0;0;0;0;0;0;0;0;0;0;0;0;0;0;0;0;0;0;0;0;0;0;0;0;0;0;0;0;0;0;0;0;0;0;0;0;0;0;0;0;0;0;0;0;0;0;0;0;0;0;0;0;0;0;0;0;0;0;0;0;0;0;0;0;0;0;0;0;0;0;0;0;0;0;0;0;0;0;0;0;0;0;0;0;0;0;0;0;0;0;0;0;0;0;0;0;0;0;0;0;0;0;0;0;0;0;0;0;0;0;0;0;0;0;Anguinidae;NA
Nem_3;0;0;0;0;41,01;0;0;0;2;11,47;17,32;0;69,93;24,58;14,13;9,57;0;208,78;0;75,51;496,92;265,14;262,57;76,07;162,35;0;0;17,29;41,02;86,21;0;80,52;85,17;0;44,55;0;78,36;266,06;158,54;0;210,96;541,89;37,02;83,04;68,37;92,84;139,69;12,22;7,06;15,37;33,58;47,66;25,34;12;35,66;172,46;0;34,71;6,32;0;94,94;0;56,39;0;0;59,24;0;94,69;68,08;159,47;0;96,8;0;480,49;637,36;159,68;8,4;100;175,65;234,58;333,56;200,41;87,21;45,79;110,29;23,07;63,01;121,26;0;41,17;67,71;138,49;20;164,89;0;140,28;5,34;163,4;55,38;218,14;62,12;56,38;28,17;10,55;42,55;0;6,45;22,6;24,85;85,97;181,04;15,44;138,27;21;857,08;0;26,36;100,32;0;116,46;26,41;68,71;249,02;54,47;104,06;541,5;3,85;73,84;131,5;122,23;61,06;14,94;0,97;293,55;0;183,48;0;31,44;40,64;47,65;126,38;30,41;129,87;28;142,61;94,42;2765,49;23;20,6;11,13;0;9,11;0;15,7;3,88;303,3;124,89;82,17;59,24;200;16,16;276,77;20,49;57,83;496,92;0;86,22;6,85;10,05;35,53;82,3;0;82,81;21,16;29,4;83,64;210,94;0;93,71;0;192,68;0;0;25,72;230,29;133,71;0;377,14;0;0;157,2;4,84;10,62;79,82;5,69;0;106,98;106,71;39,57;120,67;104,56;18,65;126,6;101,38;698,68;266,28;151,25;30,24;0;22,22;0;124,96;0;146,76;26,61;0;26;17,04;45,33;145,33;0;622,34;0;292,73;210,84;114,97;80,32;0;120,64;0;68,55;0;144,11;39,74;148,94;0;34,73;149,71;73,26;289,47;0;127,32;102,04;247,28;168,55;0;150,18;0;175,88;0;26,32;0;717,73;139,22;0;16,66;0;448,8;19,34;45,1;86,77;10,57;0;16,96;0;130,95;61,94;197,46;0;0;156,43;111,25;0;0;0;133,2;88,44;125,84;186,74;0;60,67;0;0;210,14;0;139,85;391,67;337,73;0;21,06;177,86;32,13;84,2;146,1;68,46;0;290,58;0;123,38;255,48;0;18,63;226,25;246,99;160,96;43,09;85,21;243,28;0;169,94;0;234,97;86,57;852,17;93,79;32,89;36,4;207,32;411,8;447,46;0;68,48;377,91;0;0;2,24;0;90;0;0;103,57;8,99;61,06;38,36;53,98;251,74;52,13;0;0;0;0;0;0;123,68;6,72;0;45,71;0;0;0;209,33;388,89;0;0;4,82;0;190,83;23,36;0;44,84;197,03;10,17;148,94;0;2,44;251,61;214,43;0;9,25;480,92;19,42;175,4;301,88;292,99;49,5;533,33;52,39;165,76;272,22;569,8;0;402,88;36,04;0;292,46;330,56;127,69;55,32;905,52;58,88;40,84;330;966,67;272,09;0;0;50,77;164,24;25;26,6;88,24;36,1;0;0;84,06;8,64;Aphelenchidae;NA
Nem_4;170,21;322,39;379,61;200,22;379,33;504,91;318,03;370,72;132;630,84;692,78;223,14;307,7;614,39;367,38;421,06;195,69;688,99;1721,11;539,38;1280,53;1060,57;627,26;410,77;3355,18;1685,14;1000,31;657,05;471,69;1551,84;1328,71;241,57;1022,07;1577,41;1002,48;3452,43;1567,13;1552,01;1807,39;1216,62;1397,61;541,89;1073,47;581,25;467,21;633;2514,38;203,7;155,42;207,53;181,35;1739,68;1013,51;58;40,75;1690,07;720;2638,22;404,73;721,82;388,39;777,13;1353,4;119,95;522,25;547,97;702,39;725,96;778,06;1196,03;790,54;322,68;1843,28;489,23;684;626,44;436,98;750;102,46;324,81;1792,88;1077,2;363,39;1282,02;1286,76;1061,17;165,4;768;2019,85;638,11;564,23;332,38;320;1401,53;3856,33;627,92;496,54;833,33;1412,09;394,73;103,54;0;605,64;612,17;468,09;355,6;425,45;293,8;347,91;1289,49;199,14;293,35;1693,83;1050;838,03;477,8;105,43;434,7;651,83;1601,36;149,66;604,6;446,17;1007,67;473,02;1861,39;16,35;406,11;1358,83;814,83;519,01;149,4;16,53;1908,06;259,35;1857,69;226,67;613,15;60,96;452,7;126,38;471,41;753,25;266;372,99;1951,32;221,24;81;386,3;590,04;291,06;163,97;501,24;973,51;15,52;1248,89;624,44;1281,86;1244,12;3200;517,12;956,13;911,93;1561,36;2070,51;2787,4;2414,17;130,08;120,6;461,91;329,2;640,37;811,56;1354,49;411,62;1170,95;500;459,47;820;1763,91;1305,97;1562,98;895,36;2083,2;217,5;861,71;2844,48;1540;634,04;95;379,9;22,27;162,83;997,74;204,73;98;485,51;466,85;738,71;861,9;283,81;534,63;464,18;443,53;414,47;1088,28;378,13;680,4;178,04;1155,56;217,78;1332,89;388,68;2494,93;1437,1;350,54;42;451,69;238;694,37;1097,73;579,42;940,24;329,32;1001,48;2213,1;369,46;58,06;344,68;3310,06;322,18;692,06;396,31;2622,89;393,62;1733,17;583,51;873,33;124,54;1013,16;367,37;400,13;391,16;769,31;589,91;269,05;584,01;505,25;1055,27;877,45;657,93;1670,02;933,05;497,22;1909,7;164,76;2284,74;1020;215,48;375,81;542,31;147,92;638,18;390,11;550,52;729,59;1006,55;362,01;2417,66;1196,69;1072,63;2299,17;1289,86;154,34;673,82;532,79;796;704,7;1307,16;478,68;1304,44;392,03;430,7;246,69;3104,17;1503,36;587,5;1080,73;2724,01;1116,23;1630,36;380,23;353,65;255,67;196,26;1164,85;543,25;918,58;616,9;525,16;1309,64;1341,37;678,75;1058,52;2060,27;1981,91;2840,24;684,24;277,74;1402,02;228,27;5639,23;221,24;304,35;1875,86;602,99;691,54;189,02;362,78;2478,25;277,69;445,13;283,44;1226,15;743,78;130;353,38;558;262,58;366,42;103,57;256,27;86,5;70,33;507,46;181,81;799,39;917,87;579,71;1805,67;3697,92;611,62;973,75;510,18;12,47;867,71;502,86;1309,41;6016,52;1376,74;1186,22;444,44;1478,11;4587,13;23,12;1496,81;1439,92;1378,28;247,06;1688,97;560,78;1087,83;1303,19;112,26;70,83;4696,77;357,38;1724,21;319,13;1410,69;942,06;110,44;60,38;423,21;544,5;1422,22;742,16;1464,17;707,78;2247,55;354,51;1007,19;672,82;2960;1674,97;563,89;798,08;1770,21;446;1589,76;332,57;1080;1233,33;695,35;937,51;410,34;241,14;554,3;237,5;505,34;338,26;568,51;136;751,57;630,43;259,27;Aphelenchoididae;NA
Nem_5;5,77;53,73;0;15,4;61,51;25,25;79,51;0;24;206,46;69,28;0;153,85;159,74;56,52;124,41;0;83,51;0;10,79;114,67;29,46;14,59;76,07;54,12;0;0;34,58;10,25;0;17,96;80,52;17,03;22,53;22,28;31,1;31,34;0;95,13;13,08;0;21,68;12,34;27,68;11,4;16,88;34,92;0;0;15,37;6,72;23,83;76,01;8;22,92;34,49;135;138,85;113,83;13,12;94,94;10,95;112,78;14,99;27,49;14,81;9,76;94,69;9,73;39,87;121,62;0;30,72;61,15;31,09;0;25,21;100;0;18,04;41,69;75,15;58,14;228,93;36,76;23,07;0;0;57,71;20,58;0;0;0;206,11;56,71;10;5,34;16,34;55,38;41,55;31,06;14,1;0;0;42,55;4,68;6,45;67,8;37,28;21,49;81,47;0;172,84;63;2;0;26,36;18;13,58;14,56;0;41,22;41,5;0;0;33,84;4;55,38;21,92;61,11;91,59;119,52;5,83;489,25;4,8;22,93;0;31,44;10,16;8;21,06;60,83;77,92;14;21,94;0;27,65;7;25,75;11,13;51,36;27,33;125,31;14;3,88;35,68;17,84;32,87;0;66,67;0;50,32;6;173,48;41,41;46,46;0;34,23;10,05;53,3;54,87;6,74;33,13;21,16;14,7;55,76;15,63;59,29;70,29;20,75;192,68;178,63;13,36;102,87;25,59;59,43;4;0;0;2;13,1;4,84;0;19,95;4;5;74,06;0;65,96;17,24;14,94;12,43;109,72;8;11,84;34,73;25,21;15,12;2,78;10;0;41,65;0;0;0;0;0;8,52;11,33;0;2;0;11,61;54,89;26,35;75;0;25;17,23;16;13,71;0;0;0;95,74;0;0;34;29,3;28,95;9,07;0;51,02;27,48;28,09;0;33,37;4;8;12,72;13,16;28,31;0;0;6;9,26;22,62;14;2,76;0;86,77;10,57;29,68;50,88;4;130,95;15,49;263,28;6;0;22,35;185,42;0;5,51;14,97;26,64;132,67;100,67;37,35;79,78;0;12,65;17,7;91,37;155,21;34,96;83,93;0;23,69;147,43;177,86;10,71;33,68;146,1;9,13;8;50,54;31,32;0;42,58;63,88;8;22,63;35,28;160,96;86,17;28,4;0;44,8;0;2;6;153,9;121,74;187,59;10,96;36,4;54,88;0;8;2,89;68,48;47,24;44,86;17,3;4,48;58,9;0;2;14,66;25,89;13,49;5,09;15,98;107,97;237,75;17,38;2;6;30;52,08;6,72;2;0;0;15,22;22,86;62,35;54,2;59,86;10;41,67;30,17;40;1,93;0;17,35;23,36;10;14,95;0;10,17;0;0;4,88;41,94;71,48;76,63;0;0;6;6,5;10,06;16,28;2;35,56;6;0;0;40;28,14;40,29;12,01;0;0;100;0;50;13,52;29,44;5,83;30;33,33;10;0;0;0;0;12,5;4;7,35;0;0;0;0;17,28;Aporcelaimidae;NA
Nem_6;0;0;0;0;0;0;0;0;0;0;0;0;0;0;0;0;0;0;0;0;0;0;0;0;0;0;0;0;41,02;0;0;0;0;0;0;0;0;0;0;0;0;0;0;0;0;0;0;0;0;0;0;0;0;0;0;0;0;0;6,32;0;0;0;0;0;0;44,43;0;0;0;119,6;0;0;0;0;0;0;0;0;0;0;0;0;0;0;0;0;0;0;0;0;0;0;0;0;0;0;0;0;0;0;0;169,14;0;0;0;0;0;0;0;0;0;0;0;0;0;0;3,77;0;0;0;0;0;0;0;0;0;0;0;0;0;0;0;0;0;0;0;0;0;0;0;0;0;0;0;21,94;0;0;0;0;0;0;0;0;0;0,97;0;0;0;0;0;0;0;0;0;0;0;0;0;0;0;0;0;0;0;0;0;0;0;46,86;0;0;0;0;0;0;0;0;0;0;0;0;0;0;0;0;0;0;0;0;0;0;0;0;0;0;0;25,21;0;0;0;0;0;0;0;0;0;0;0;0;0;0;0;0;54,89;0;28,74;0;0,97;0;0;0;0;0;0;0;0;0;0;0;0;0;0;0;0;0;0;0;0;0;0;26,32;0;0;0;0;0;0;0;0;0;0;0;0;0;0;0;0;0;0;0;67,04;0;0;0;0;0;0;0;0;0;0;0;0;0;0;0;27,98;0;0;0;0;0;0;0;0;0;0;0;0;0;0;0;0;0;0;0;0;0;0;0;0;0;0;0;0;0;0;0;0;0;0;0;0;0;0;0;0;0;0;0;0;0;0;0;0;0;0;0;0;0;0;0;0;0;0;2;0;0;0;0;0;0;0;0;0;0;0;0;0;0;0;0;0;0;0;0;0;0;0;0;0;0;0;0;0;0;0;0;0;0;0;0;0;0;0;0;0;0;0;0;0;0;0;0;0;0;0;0;0;0;0;0;0;0;0;0;Belondiridae;NA
Nem_7;0;0;0;0;0;0;0;0;0;0;0;0;0;0;0;0;0;0;0;0;0;0;0;0;0;0;0;0;0;0;0;0;0;0;0;0;0;0;0;0;0;0;0;0;0;0;0;0;0;0;0;0;0;0;0;0;0;0;0;0;0;0;0;0;0;0;0;0;0;0;0;0;0;0;0;0;0;0;0;0;0;0;0;0;0;0;0;0;0;0;0;0;0;0;0;0;0;16,34;0;0;0;0;0;0;0;0;0;0;0;0;0;0;0;0;0;0;0;0;0;0;0;0;0;0;0;0;0;0;0;0;0;0;0;0;0;0;0;0;0;0;0;0;0;0;0;0;0;0;0;0;0;0;0;0;0;0;0;0;0;0;0;0;0;0;0;0;0;0;0;0;0;0;0;0;0;0;0;0;0;0;0;0;0;0;0;0;0;0;0;0;0;0;0;0;0;0;0;0;0;0;0;0;0;0;0;0;0;0;0;0;0;0;0;0;0;0;0;0;0;0;0;0;0;0;0;0;0;0;0;0;0;0;0;0;0;0;0;0;0;0;0;0;0;0;0;0;0;0;0;0;0;0;0;0;0;0;0;0;0;0;0;0;0;0;0;0;0;0;0;0;0;0;0;0;0;0;0;0;0;0;0;0;0;0;0;0;0;0;0;0;0;0;0;0;0;0;0;0;0;0;0;0;0;0;0;0;0;0;0;0;0;0;0;0;0;0;0;0;0;0;0;0;0;0;0;0;0;0;0;0;0;0;0;0;0;0;0;2;0;0;0;0;0;0;0;0;0;0;0;0;0;0;0;0;0;0;0;0;0;0;0;0;0;0;0;0;0;0;0;0;0;0;0;0;0;0;0;0;0;0;0;0;0;0;0;0;0;0;0;0;0;0;0;0;0;0;0;0;0;0;0;0;0;0;0;0;Bunonematidae;NA
Nem_8;0;0;0;0;0;0;0;0;0;0;0;0;0;0;42,39;0;0;0;0;0;0;0;0;0;0;0;0;0;0;0;0;0;0;0;0;0;0;0;0;0;0;0;0;13,84;0;0;0;0;0;7,69;0;0;0;0;0;0;15;34,71;0;0;0;0;0;7,5;0;59,24;0;0;0;0;0;0;0;0;0;0;0;0;0;0;0;0;0;0;0;0;0;0;0;0;0;0;0;0;0;0;0;0;0;0;0;0;0;0;0;0;6,45;0;0;0;0;0;0;0;0;0;0;33,44;0;0;0;0;0;299,58;0;0;0;0;0;0;0;0;0;0;0;0;0;0;0;0;0;0;0;0;0;0;0;0;0;0;0;0;0;0;0;0;0;0;0;0;0;0;0;0;0;0;0;0;0;0;0;0;0;0;0;0;0;0;0;0;0;0;0;0;0;0;0;0;0;0;0;0;0;0;0;0;0;0;0;0;0;0;0;0;0;0;0;0;0;0;0;0;0;0;0;168,26;0;0;0;0;0;0;0;0;0;0;0;0;0;0;0;0;0;0;0;0;0;0;0;28,95;0;0;0;0;0;0;0;0;0;0;0;0;71,77;0;0;0;0;0;0;0;0;0;0;0;0;0;0;0;180,42;0;0;0;0;0;0;0;0;0;0;0;0;0;5,9;0;310,42;0;0;0;0;0;0;0;0;0;0;0;0;0;0;0;0;0;0;0;0;0;0;0;0;0;0;0;0;0;0;0;0;0;0;0;0;0;0;0;0;0;0;0;21,29;0;0;0;0;0;0;0;0;50,99;0;0;0;0;0;0;0;0;0;0;0;0;0;0;0;0;0;0;0;0;0;0;0;0;0;0;0;0;0;0;0;0;0;0;0;0;0;0;0;0;0;0;0;0;0;0;0;0;0;0;0;0;0;0;0;0;0;0;6,35;0;0;0;0;0;0;0;0;0;Paratylenchidae;Cacopaurus
Nem_9;11,54;698,52;25,31;23,1;266,56;328,19;208,71;23,17;22;240,87;207,83;60,86;503,52;49,15;296,73;363,65;27,4;459,32;339,69;258,9;554,26;176,76;510,56;638,98;865,85;185,36;238,17;1296,82;379,41;402,33;215,47;143,15;289,59;67,6;133,66;342,13;125,37;2217,15;126,83;91,57;1107,54;910,38;49,35;415,18;239,31;194,12;314,3;65,19;176,61;245,96;174,63;452,79;126,69;38;48,39;655,33;210;277,71;31,62;104,99;189,88;175,13;676,7;44,98;384,81;281,39;263,4;725,96;116,71;598,01;273,65;505,53;1167,41;192,2;637,36;171,96;75,63;1900;892,9;613,52;1542,71;250,51;407;915,73;1838,24;299,9;567,07;60,63;230,84;452,85;383,67;110,79;80;453,44;850,66;187,04;42,71;702,61;664,51;363,57;517,7;0;112,68;189,98;148,94;70,18;38,68;542,4;198,81;128,95;506,91;385,98;553,09;105;361,88;113,76;154,38;969,72;529,61;29,12;290,51;178,63;228,27;136,17;198,67;236,9;12,5;424,57;504,08;468,53;457,95;478,09;12,64;2005,91;91,25;137,61;235,73;141,5;101,6;416,96;315,95;273,72;155,84;98;98,73;220,31;3125;31;61,81;55,66;0;54,66;232,72;109,91;10,67;285,46;446,03;32,87;444,33;1466,67;614,08;452,9;348,38;867,42;1366,54;696,85;1207,09;89;391,93;515,21;274,33;155,04;1076,56;148,15;455,73;250,92;179,69;311,26;1171,43;269,77;363,96;759,16;387,55;205,75;268,68;237,71;83,66;534,29;317,02;9;104,8;8,72;15,93;478,92;34,12;15;238,64;573,56;224,25;551,62;507,86;99,47;219,43;367,5;142,11;81,04;1462,08;378;47,29;55,56;88,89;583,14;24,92;2421,55;425,81;701,08;65;110,79;215,33;597,48;322;901,31;58,04;1006,27;448,03;632,31;305,2;36,77;310,21;1038,45;219,35;178,26;126,1;1112,74;148,94;405,64;62,52;324,38;131,87;723,68;27,21;818,46;850,35;576,98;561,82;44,17;250,29;54,92;395,73;50,87;236,86;56,61;1650,77;348,06;269,85;11,11;294,08;836,4;71,83;105,23;412,15;190,18;44,52;678,45;62,03;467,69;216,8;625,3;541,27;839,24;558,66;927,08;1485,29;115,76;104,82;479,51;862,33;1157,72;1269,82;382,94;1304,44;303,51;64,9;237,55;1086,46;734,2;307,74;562,88;355,31;294,85;177,86;101,75;858,87;657,45;178;183,24;252,68;93,95;1455,89;354,84;1245,76;391,23;362;1376,08;515,07;732,45;1107,69;988,34;188,15;382,37;26,34;195,81;365,52;2008,7;1266,21;285,05;909,93;97,56;78,44;275,36;37,6;445,13;1653,37;224,3;795,68;29,14;117,79;81;78,06;65,96;1268,76;85,42;63,6;76,72;183,55;713,25;486,59;586,41;136,4;1590,71;885,42;235,24;205;448,34;13,43;152,23;617,14;685,88;758,84;329,22;790,81;763,89;60,33;358,99;40,46;641,49;329,62;537,3;166,93;104,63;500,16;101,67;1191,49;166,68;9,77;754,84;595,64;1034,53;74;1506,87;126,26;331,31;55,34;341,82;371,25;1280;174,63;856,4;626,11;791,39;101,29;261,87;72,09;174,12;611,5;1322,22;1660;719,15;162,18;942,08;64,18;270;1066,67;226,74;97,29;265,52;95,19;287,42;225;186,18;220,6;27,07;48;41,29;189,13;8,64;Cephalobidae;NA
Nem_10;0;0;0;0;0;0;0;0;0;0;0;0;13,99;0;0;9,57;0;0;0;0;0;0;0;0;0;0;15,88;0;0;28,74;0;0;0;22,53;0;0;0;44,34;0;0;0;0;37,02;13,84;0;0;0;0;28,26;30,75;0;0;0;0;0;103,47;0;242,99;0;52,5;0;21,89;8;14,99;219,89;29,62;9,76;0;0;159,47;0;0;0;0;0;0;0;100;0;0;0;25,05;58,14;0;0;92,28;0;0;28,85;0;0;0;0;0;0;0;0;0;27,69;0;10,35;0;140,85;10,55;0;0;0;45,2;0;0;2;0;0;42;0;0;0;2;13,58;0;0;13,74;0;381,28;47,3;0;0;0;0;20,37;0;2;5,83;2;0;22,93;2;0;0;0;0;15,21;0;0;0;20;0;0;0;0;0;0;17,9;0;2,91;0;0;0;29,62;20;0;0;0;0;0;278,74;43,11;0;0;230,96;0;0;0;2;0;0;0;0;0;0;0;0;0;0;12,79;0;0;0;0;0;0;0;0;0;4;0;0;0;0;2;0;0;8,44;2;0;0;0;75,6;0;0;0;41,65;0;0;0;0;0;0;11,33;16,15;322;0;0;0;79,06;0;0;0;0;16;0;31,46;18,01;0;0;0;2;0;0;0;18,14;0;0;0;28,09;0;50,06;0;0;0;0;0;0;0;0;0;0;0;2;0;0;0;14,84;0;0;0;0;0;216,51;0;22,35;0;0;0;0;0;0;0;0;10;30,34;25,29;4;0;827,78;0;0;0;0;0;0;0;0;50;0;2;0;0;0;0;0;0;0;0;0;0;0;0;17,92;0;0;0;0;0;0;0;0;0;0;0;0;0;0;0;0;0;0;0;28,39;0;0;0;2,54;0;0;0;0;127,48;4;0;0;0;0;0;0;0;0;0;0;0;0;0;0;0;0;0;0;0;0;0;0;0;0;0;0;0;0;1532,63;0;0;0;0;0;0;0;0;0;0;0;0;0;0;0;0;0;0;0;0;0;0;0;0;0;0;0;0;0;0;0;0;0;0;0;0;0;0;Criconematidae;Criconema
Nem_11;0;0;0;0;0;0;0;0;0;0;0;0;0;0;0;0;0;0;0;0;0;0;0;0;0;0;0;0;0;0;0;0;0;0;0;0;0;0;0;0;0;0;0;0;0;0;0;0;0;0;0;0;0;0;0;0;0;0;0;0;0;0;0;0;0;0;0;0;0;0;0;0;0;0;0;0;0;0;0;0;0;0;0;0;0;0;0;0;0;0;0;0;0;0;0;0;0;0;0;0;0;0;0;0;0;0;0;0;0;0;0;0;0;0;0;0;0;0;0;0;0;0;0;0;0;0;0;0;0;0;0;0;0;0;0;0;0;0;0;0;0;0;0;0;0;0;0;0;0;0;0;0;0;0;0;0;0;0;0;0;0;0;0;0;0;0;0;0;0;0;0;0;0;0;0;0;0;0;0;0;0;0;0;0;0;0;0;0;0;0;0;0;0;0;0;0;0;0;0;0;0;0;0;0;0;0;0;0;0;0;0;0;0;0;0;14,02;1;0;0;0;0;0;0;0;0;0;0;0;0;0;0;0;0;0;0;0;0;0;0;0;0;0;0;0;0;0;0;0;0;0;0;0;0;0;0;0;0;0;0;0;0;0;0;0;0;0;0;0;0;0;0;0;39,09;0;0;0;0;0;0;15,96;0;0;0;0;0;0;0;0;0;0;0;0;0;0;0;0;0;0;0;0;0;0;0;0;0;0;0;0;0;42,49;0;0;0;0;0;0;36,4;0;0;0;0;0;0;0;0;2,24;431,91;0;0;0;0;0;0;0;0;0;0;0;0;0;0;0;0;0;0,96;0;0;0;0;0;0;0;0;0;0;0;0;0;0;0;0;0;0;0;0;0;0;0;0;0;0;0;0;0;0;0;0;0;0;0;0;0;0;0;0;0;0;0;0;0;0;0;0;0;0;0;0;0;0;0;0;0;0;0;0;0;Criconematidae;NA
Nem_12;0;0;0;0;0;25,25;0;0;0;0;0;0;0;0;0;0;0;0;0;0;0;0;0;60,85;54,12;134,81;0;138,33;41,02;0;0;8,95;34,07;0;22,28;0;0;0;0;0;4;0;0;0;0;0;0;8,15;14,13;30,75;60,45;23,83;0;0;0;0;0;34,71;6,32;78,74;0;0;0;0;0;74,05;0;0;0;159,47;0;2;0;0;0;0;0;0;29,28;0;0;75,15;0;0;36,76;23,07;0;0;0;0;0;5,54;0;50;0;0;0;0;27,69;20,78;20,71;0;28,17;10,55;0;0;6,45;45,2;12,43;0;27,16;0;0;0;0;0;0;6;40,74;0;0;13,74;0;54,47;9,46;0;2,88;73,84;0;0;91,59;4;4,86;342,47;4,8;0;0;78,61;0;11,91;21,06;60,83;0;0;0;31,47;0;0;0;2;154,09;4;17,9;15,7;0;17,84;0;49,3;0;66,67;0;0;0;0;82,82;0;50;20,54;10,05;35,53;0;0;0;0;0;0;0;0;23,43;0;0;133,97;0;8;38,38;0;0;0;0;0;26,2;0;0;39,91;0;0;0;40,02;13,19;0;0;0;0;12,67;11,84;0;0;0;0;0;8,89;83,31;0;20;26,61;0;0;0;11,33;0;43,91;0;0;54,89;79,06;0;48,19;0;17,23;64,9;0;0;8;39,74;0;0;0;2;0;28,95;9,07;0;17,01;0;0;0;0;0;0;0;0;14,15;0;0;0;0;0;0;0;0;65,08;2;14,84;135,69;0;37,41;0;0;36,08;15,54;44,69;74,17;78,17;0;14,97;0;8;0;37,35;47,87;0;37,94;0;0;103,47;34,96;0;0;0;0;0;0;0;36,52;0;0;0;0;0;0;0;0;45,25;35,28;0;0;0;0;0;0;0;0;0;60,87;0;0;0;0;0;0;0;0;0;0;51,89;0;0;9;28,39;0;0;8,99;0;0;0;2;34,76;25,5;0;0;0;0;0;46,38;0;0;22,86;0;0;59,86;0;0;0;0;4,82;0;0;10;0;0;0;0;74,47;0;2,44;0;0;0;0;0;0;0;0;10;0;0;0;0;0;0;0;0;0;0;26,59;0;0;0;0;0;0;0;0;0;0;0;0;0;0;0;0;9,02;0;0;0;0;Diphtherophoridae;NA
Nem_13;0;0;0;0;0;0;0;0;0;0;0;0;0;0;0;0;0;0;0;161,81;0;0;0;0;0;0;0;51,87;0;0;0;0;0;0;0;0;0;0;0;0;0;0;0;0;0;0;0;0;0;0;0;0;0;0;0;0;0;0;0;0;2;0;0;0;0;0;0;0;0;0;0;0;0;0;15,55;0;0;0;0;0;0;0;0;0;36,76;0;7,88;0;0;0;0;0;0;0;0;0;0;0;0;0;0;0;0;0;0;0;0;22,6;2;0;0;0;0;0;0;0;3,77;0;0;0;0;27,48;0;0;0;0;0;0;0;0;122,12;0;0;0;9,61;0;0;0;0;0;0;0;0;0;0;0;0;0;20,6;0;0;18,22;0;0;4,85;0;0;0;0;66,67;32,32;50,32;0;0;0;0;0;6,85;0;0;0;26,96;0;0;0;111,52;0;14,82;0;0;42,82;0;93,55;77,16;0;14,86;0;0;0;0;0;0;0;0;0;0;8,23;0;13,19;34,48;44,81;0;0;0;0;0;0;0;0;0;0;0;0;0;0;0;3;0;0;0;0;0;0;0;0;0;0;0;17,23;0;0;0;0;0;0;0;0;0;0;0;0;54,56;0;109,9;0;0;0;0;43,97;0;0;0;35,89;0;0;0;0;0;0;0;0;0;0;0;0;0;0;0;0;0;0;0;0;0;0;0;0;0;0;0;0;6;11,8;0;51,74;174,81;55,95;112,58;0;0;29,64;10,71;0;36,52;0;0;0;10,44;0;28,39;0;0;45,25;0;32,19;0;0;0;0;0;0;0;67,33;0;0;0;0;24,39;68,63;0;0;0;94,48;0;0;0;58,9;0;0;0;103,57;0;0;6,39;0;13,99;0;0;0;0;0;0;0;0;0;0;0;0;0;149,65;0;0;0;0;0;0;17,35;0;0;0;15,16;0;0;0;0;0;0;0;97,13;0;0;0;0;16,28;0;0;0;0;54,44;31,66;0;20,14;72,09;0;0;0;0;0;0;0;0;60;0;0;0;0;0;0;0;0;0;0;0;0;0;0;Anguinidae;Ditylenchus
Nem_14;5,77;17,91;0;7,7;20,5;0;9,94;11,58;0;34,41;69,28;40,57;13,99;36,86;84,78;76,56;43,05;146,15;45,29;21,58;57,34;0;102,11;30,43;108,23;16,85;79,39;34,58;102,54;201,16;161,6;62,63;34,07;45,07;0;62,21;78,36;266,06;126,83;13,08;52,74;65,03;74,03;55,36;11,4;0;244,45;4,07;7,06;0;33,58;71,49;50,68;10;30,56;103,47;45;138,85;12,65;52,5;0;65,67;0;22,49;109,95;44,43;9,76;189,38;9,73;0;60,81;32,27;30,72;17,47;0;12,28;16,81;0;0;0;83,39;175,36;43,61;503,65;73,53;46,14;0;10,11;86,56;41,17;22,57;0;50;164,89;56,71;6;5,34;65,36;55,38;31,16;51,77;56,38;28,17;94,99;21,28;4,68;25,79;113;0;21,49;36,21;30,88;69,14;84;19,05;45,5;18,83;14;13,58;14,56;8,8;54,96;31,13;27,23;37,84;338,44;0;0;21,92;61,11;61,06;74,7;5,83;48,92;0;0;9,07;78,61;4;35,74;0;60,83;0;56;21,94;62,95;0;0;0;22,27;325,3;63,76;107,41;15,7;0;0;0;49,3;59,24;200;0;50,32;10,25;57,83;0;418,11;43,11;34,23;20,1;53,3;27,43;0;16,56;169,31;29,4;2;7,81;0;0;124,51;21,41;357,25;40,09;102,87;25,59;44,57;27,89;0;48,77;3;13,1;0,97;0;19,95;11,37;2;0;13,34;105,53;0;0;0;8,44;101,38;11,84;0;100,83;0;5,56;2;22,22;41,65;0;0;0;0;12;8,52;0;16,15;0;21,46;23,22;18,3;0;0;0;0,97;17,23;129,81;0;178,26;18,01;119,22;42,55;18,44;0;49,9;29,3;0;4;0;68,03;0;0;108,42;4;5,49;87,94;0;13,16;4;0;29,83;2;0;4;81,6;5,53;30,06;108,46;52,83;103,89;50,88;85,29;93,54;15,49;0;72,17;15,54;0;0;117,26;27,56;14,97;53,28;22,11;25,17;74,7;79,78;151,68;37,94;11,8;18,27;51,74;34,96;27,98;112,58;23,69;294,85;0;0;235,77;0;9,13;6;0;41,75;0;14,19;0;18,63;8;176,42;0;129,26;56,8;15,21;35,84;84,97;127,31;2;2;121,74;46,9;0;72,79;6,1;0;0;11,57;0;0;0;17,3;0;196,32;18;63,87;36,64;0;8,99;2,54;3,2;21,59;0;17,38;101,99;0;10;0;26,88;0;0;1,92;0;0;0;16;0;0;0;2;119,66;2,89;213,83;0;0;26,71;14,95;0;0;37,23;0;26,87;0;0;153,26;0;96,18;58,27;2;5,03;16,28;6;0;8,73;0;27,22;10;11,25;20,14;0;0;0;38,89;0;193,62;0;88,32;0;30;0;15,12;97,29;4,83;0;0;0;93,09;0;0;22;57,81;0;8,64;Dorylaimidae;NA
Nem_15;0;0;0;0;0;0;0;0;0;0;0;0;0;0;0;0;86,1;62,64;67,94;0;0;0;0;0;1569,36;84,26;111,15;0;194,83;0;0;8,95;0;45,07;0;0;0;88,69;0;91,57;0;21,68;0;0;0;0;34,92;0;0;0;0;0;0;0;0;34,49;0;173,57;0;13,12;0;0;0;0;27,49;29,62;0;0;48,63;0;0;0;0;0;0;0;0;0;0;0;0;0;145,36;0;36,76;0;0;0;0;41,17;0;0;0;0;56,71;0;0;16,34;0;0;0;0;0;0;0;0;0;67,8;0;0;0;0;103,7;0;0;22,75;0;0;0;0;0;0;0;190,64;9,46;0;7,69;0;0;0;0;0;5,83;1125,27;0;0;2;0;0;83,39;0;0;129,87;0;0;62,95;0;1;0;0;0;0;0;15,7;7,76;0;0;32,87;29,62;20;16,16;0;0;0;0;46,46;43,11;0;0;0;0;0;49,69;63,49;0;947,91;0;14,82;0;0;0;44,66;0;0;0;0;27,89;0;0;0;0;2,91;3,54;0;102,37;26;0;0;0;0;0;0;0;76,03;11,84;0;0;0;0;0;0;583,14;129,56;0;665,32;0;0;0;0;0;14,64;0;0;91,48;26,35;229,93;0;0;0;64,9;0;31,46;0;1112,74;0;4;0;973,14;0;57,89;0;327,38;272,11;0;28,09;0;0;16,48;0;38,15;0;0;0;0;0;0;0;0;0;52,61;0;0;0;0;0;0;0;526,57;0;0;0;37,08;117,26;16,54;239,58;53,28;0;0;2315,55;0;0;12,65;0;0;51,74;0;0;0;23,69;0;0;2;0;0;0;0;50,54;0;0;0;0;37,26;45,25;176,42;32,19;0;0;0;0;3058,96;2;20;0;0;0;10,96;0;0;19,61;172,1;0;17,12;0;89,72;0;0;0;0;2;58,63;0;0;0;0;21,59;0;0;152,98;0;10;0;0;0;0;0;15,22;0;0;54,2;239,43;0;0;15,08;39,89;1,93;0;0;303,69;0;44,84;0;0;0;0;0;0;0;38,32;0;0;0;0;0;0;8,25;0;0;0;81,67;0;0;10;0;0;106,35;0;0;138,3;0;0;0;0;0;0;0;0;0;0;25;0;0;0;0;0;0;0;Paratylenchidae;Gracilacus
Nem_16;0;0;0;61,61;71,77;12,62;29,82;11,58;0;0;467,63;0;181,83;270,33;0;76,56;0;0;22,65;0;0;0;0;0;0;0;15,88;34,58;0;28,74;215,47;205,78;0;22,53;0;0;0;0;0;0;0;0;0;13,84;376,05;8,44;0;0;0;23,06;0;0;150;2;0;0;0;0;0;0;0;0;0;457,31;0;44,43;0;78,91;0;0;106,42;4;0;0;0;0;0;0;0;0;0;25,05;0;0;0;322,97;0;0;0;267,59;0;2;0;0;0;0;0;0;110,75;10,39;0;0;0;0;468,09;0;12,89;45,2;149,11;0;9,05;571,26;138,27;21;0;79,63;48,95;100,32;0;0;35,21;82,45;20,75;27,23;18,92;0;0;830,69;0;0;427,42;14,94;14,59;0;0;229,34;2;0;0;11,91;147,44;182,48;0;0;0;346,2;0;0;0;111,33;68,48;36,44;0;0;0;0;0;0;0;66,67;32,32;0;10,25;0;0;0;0;0;0;0;0;6,74;0;0;0;0;0;0;23,43;0;0;44,66;26,73;0;0;0;27,89;0;0;2;13,1;0;0;0;5,69;1;0;0;0;0;0;6,22;0;4;0;0;0;0;0;0;4,44;374,88;0;73,38;0;322,5;0;0;34;16,15;0;0;0;0;0;0;0;0;0;0;34,27;0;198,15;437,15;10,64;6;6,95;2;322,35;28,95;54,43;36,38;0;0;28,09;0;0;0;0;0;0;0;0;0;0;0;45,24;0;0;0;0;10,57;6;16,96;0;205,78;309,71;0;0;0;111,73;0;664,47;0;0;106,56;88,44;302,01;0;0;0;25,29;5,9;0;51,74;0;0;0;0;0;29,64;0;0;219,15;0;22;0;62,63;98,7;0;0;0;22,63;0;0;0;0;0;0;0;0;0;0;0;0;0;0;0;0;16;0;0;0;0;0;0;608,6;126;0;0;0;0;0;0;43,19;0;69,51;0;0;386,93;0;0;0;0;0;0;22,86;0;0;0;0;0;0;0;0;0;0;0;0;14,95;0;0;335,11;0;0;0;0;0;0;0;0;0;0;0;0;0;17,46;27,63;0;0;0;0;0;0;0;0;0;0;0;0;0;0;0;0;0;0;0;0;0;0;0;0;0;33,04;63,04;0;Hoplolaimidae;Helicotylenchus
Nem_17;0;0;0;0;0;0;0;0;0;0;0;0;0;0;0;0;0;0;0;0;0;0;0;0;0;0;0;0;0;0;0;0;0;0;0;0;0;0;0;0;0;0;0;55,36;0;0;0;4,07;0;0;0;0;0;0;0;0;0;0;0;0;0;0;0;0;0;0;0;0;0;0;0;0;0;0;0;0;0;0;0;0;0;0;0;0;0;0;0;0;0;0;0;0;0;0;0;0;0;0;0;0;0;0;0;0;0;0;0;0;0;0;0;0;0;0;0;0;0;0;0;0;0;0;6;0;0;0;0;0;0;0;0;0;1,94;0;10;0;0;0;0;0;0;0;0;0;0;0;0;0;0;0;0;0;0;0;0;0;0;0;0;0;0;0;0;0;0;0;0;0;0;0;0;0;0;0;0;0;0;0;0;0;0;0;0;0;0;0;0;0;0;0;0;0;0;0;0;0;0;0;0;0;0;0;0;0;0;0;0;0;0;0;0;0;0;0;0;126,19;0;0;0;0;0;0;0;0;0;0;0;0;0;0;0;0;0;0;0;0;13,89;0;0;0;2;0;0;0;0;0;0;0;0;0;0;0;0;0;0;0;0;0;0;0;0;0;4;0;0;0;0;0;0;0;0;0;117,26;0;0;213,11;0;0;37,35;0;0;0;0;0;0;0;0;0;0;0;0;0;0;0;0;0;0;0;0;0;0;0;0;0;0;0;0;0;0;0;0;0;0;0;46,9;0;0;0;0;0;0;0;0;0;0;0;0;0;0;0;0;4,5;0;0;0;0;16;4;0;42,99;0;0;8;0;0,96;0;0;0;0;0;0;0;0;0;0;0;0;0;0;0;0;0;0;0;0;0;0;0;0;0;0;0;0;0;0;0;0;0;0;0;0;0;0;0;0;0;0;0;0;0;0;0;0;0;0;0;0;0;0;0;0;0;0;0;0;0;Hemicycliophoridae;Hemicycliophora
Nem_18;0;0;0;0;0;0;0;0;0;0;0;0;0;0;0;0;0;0;0;0;0;0;0;0;0;0;0;0;0;0;0;0;34,07;0;8;0;0;177,37;0;0;52,74;65,03;0;13,84;0;0;0;0;0;0;0;0;0;0;0;0;0;0;0;0;0;0;0;22,49;0;0;0;0;0;0;0;0;0;0;0;184,25;0;0;0;0;0;0;0;0;0;0;0;0;0;0;22,57;0;0;41,22;0;0;0;16,34;27,69;0;0;0;0;0;0;0;0;45,2;0;0;0;0;0;0;19,05;0;0;0;0;0;0;0;0;0;0;0;0;0;0;305,56;0;0;4,86;0;4,8;0;0;0;0;0;21,06;0;0;0;21,94;0;0;0;0;66,8;0;0;0;2;4,85;0;0;0;25;0;0;8;0;0;0;0;43,11;82,15;0;0;0;0;0;0;0;0;0;0;0;0;107,05;357,25;0;0;0;0;0;62,86;0;0;52,4;0;0;0;187,67;1;0;66,69;0;6;0;0;8,44;0;0;0;0;45,36;0;0;0;416,53;0;0;0;0;0;0;0;16,15;29,27;21,46;0;0;26,35;0;0;0;0;0;0;0;0;79,48;0;0;0;149,71;0;0;0;0;0;0;0;0;2;0;0;6;0;0;0;0;16;0;2;0;0;0;216,92;0;0;0;0;56,12;0;0;0;0;0;37,08;117,26;22,05;0;0;0;0;0;10;0;0;0;0;51,74;0;0;0;0;0;0;0;0;328,72;0;0;0;0;24,68;0;0;0;0;0;0;0;0;0;0;0;30,73;0;0;0;0;0;0;0;0;0;0;0;0;0;0;0;0;0;0;0;0;0;0;0;0;0;0;0;0;42,99;312,5;0;0;0;0;0;0;311,76;162,61;59,86;0;0;0;0;0;0;0;23,36;0;2;0;0;0;0;0;0;0;76,63;0;0;0;6,5;0;0;0;0;8,73;0;27,22;20;0;0;0;0;106,35;0;63,85;0;0;0;0;0;366,67;0;0;0;19,04;0;0;0;0;36,1;0;0;0;0;Heteroderidae;Heterodera
Nem_19;0;0;0;0;51,26;0;0;0;0;11,47;86,6;0;55,95;12,29;0;0;0;0;0;0;0;29,46;0;0;0;0;0;0;0;0;0;0;0;0;0;0;0;0;0;0;0;0;0;0;0;0;0;0;0;0;0;0;0;0;0;0;0;0;0;0;0;0;0;0;0;0;0;0;0;0;0;0;0;0;0;0;0;0;0;0;0;0;0;0;0;0;0;0;0;0;0;0;0;41,22;0;0;0;130,72;0;0;0;0;0;0;0;0;0;0;62,13;0;0;0;0;0;0;0;0;0;0;0;0;13,74;2;0;0;0;0,96;55,38;0;20,37;122,12;0;0;0;0;0;0;0;20,32;0;0;0;0;14;0;0;0;0;0;0;0;0;0;0;0;0;17,84;0;0;0;0;0;0;0;0;0;0;0;0;0;82,3;0;0;0;0;0;0;0;0;0;0;0;0;0;0;0;0;0;0;0;13,1;0;0;0;0;0;0;0;118,72;0;0;0;0;0;11,84;0;50;0;0;0;0;0;0;0;0;0;0;0;0;16,15;0;0;0;0;0;0;0;0;51,7;0;0;0;0;0;0;0;0;0;0;0;0;0;0;0;0;0;2;0;0;0;0;0;0;0;0;0;0;0;5,53;0;0;0;0;0;0;0;0;0;0;0;0;370,83;0;0;0;0;0;0;0;0;0;0;0;0;51,74;0;0;0;0;0;88,93;0;0;36,52;0;2;12,63;0;0;0;0;0;0;0;32,19;0;0;0;0;0;0;0;0;60,87;0;0;181,99;0;0;0;0;0;0;44,86;0;0;0;0;0;0;0;0;0;31,97;0;0;0;0;0;0;104,17;0;0;0;2,88;0;182,86;0;8;29,93;0;0;0;0;0;0;0;0;0;0;0;0;148,94;0;0;0;0;0;0;0;0;19,49;0;0;0;0;17,46;0;0;0;0;141,01;0;0;0;0;0;0;0;0;0;0;0;0;2;0;0;0;0;0;22,06;0;0;0;0;25,93;Hoplolaimidae;Hoplolaimus
Nem_20;46,16;17,91;35,43;30,8;20,5;113,6;19,88;5,79;0;11,47;17,32;0;83,92;12,29;14,13;0;3,91;0;0;10,79;38,22;0;14,59;15,21;0;50,55;15,88;51,87;153,81;0;0;35,79;68,14;90,14;22,28;0;0;0;126,83;0;52,74;0;0;27,68;22,79;0;0;24,44;7,06;107,61;53,73;333,64;126,69;22;12,73;0;0;34,71;6,32;170,61;8,63;54,73;56,39;67,47;82,46;29,62;19,51;0;19,45;39,87;15,2;0;30,72;0;2;0;8,4;0;0;0;0;0;0;0;0;0;0;10,11;0;0;0;22,16;0;0;56,71;0;21,36;0;27,69;0;0;0;0;10,55;21,28;4,68;12,89;45,2;0;0;0;0;0;84;0;22,75;7,53;6;40,74;0;0;0;41,5;54,47;18,92;304,59;12;18,46;21,92;61,11;91,59;59,76;7,78;0;4,8;45,87;0;0;30,48;11,91;42,13;0;0;42;0;31,47;27,65;3;5,15;11,13;51,36;63,76;232,72;62,81;0,97;0;0;49,3;59,24;266,67;0;50,32;10,25;289,14;41,41;0;43,11;41,08;60,3;0;137,17;6,74;0;84,66;14,7;111,52;0;44,47;23,43;20,75;42,82;89,31;40,09;0;76,76;44,57;83,66;62,86;48,77;11;0;3,87;0;0;5,69;4;16,46;0;13,19;0;0;6,22;16,88;25,34;35,53;4;0;15,12;11,13;11,11;4,44;41,65;0;0;0;0;5;8,52;45,33;0;29,27;0;23,22;0;52,71;57,48;32,13;4,84;86,17;129,81;0;2;18,01;119,22;31,91;18,44;0;24,95;21,98;28,95;9,07;36,38;0;27,48;28,09;12,05;2;32,95;0;38,15;13,16;0;0;0;4;0;8;0;0;7,52;0;63,39;59,37;0;7,75;0;15,49;0;0;0;0;37,08;39,09;16,54;134,76;26,64;22,11;0;0;159,56;0;37,94;11,8;0;0;0;0;0;47,37;0;0;5,36;50,52;182,62;4,56;52,35;37,9;31,32;123,38;6;31,94;18,63;22,63;0;32,19;0;0;15,21;26,88;0;8,78;0;19,24;60,87;234,48;0;0;6,1;39,22;34,42;8,68;188,33;188,96;59,81;17,3;0;10;9;0;21,99;0;4,5;30,53;3,2;21,59;167,82;34,76;25,5;5,68;85,98;156,25;0;10,25;0;0,96;106,56;68,57;218,24;0;329,22;23,26;0;15,08;39,89;3,85;0;34,7;0;0;0;0;61;111,7;0;14,65;83,87;119,13;76,63;0;64,12;9,71;6,5;10,06;0;0;71,11;8,73;0;27,22;10;11,25;20,14;12,01;29,02;132,93;19,44;95,77;27,66;0;29,44;11,67;0;50;30,23;0;0;12,69;0;25;13,3;0;9,02;0;2;0;17,28;Leptonchidae;NA
Nem_21;0;0;0;0;0;0;0;0;0;0;0;0;0;0;0;0;0;0;0;0;0;0;0;0;0;0;0;0;0;0;0;0;0;0;0;0;0;0;0;0;0;0;0;0;0;0;0;0;0;0;0;0;0;0;0;0;0;0;0;0;0;0;0;0;0;0;0;0;0;0;0;0;0;0;0;0;0;0;0;0;0;0;0;0;0;0;0;0;0;0;0;0;0;0;0;0;0;0;0;0;0;0;0;0;0;0;0;0;0;0;0;0;0;0;0;0;0;0;0;0;0;0;0;0;0;0;0;0;0;0;0;0;0;2;0;0;0;0;0;0;0;0;0;0;0;0;0;0;0;0;0;0;0;0;0;0;0;0;0;0;0;0;0;0;0;0;0;0;0;0;0;0;0;0;0;0;0;0;0;0;0;0;0;0;0;0;0;0;0;0;0;0;0;0;0;0;0;0;0;0;0;0;0;0;0;0;0;0;0;0;0;0;0;0;0;0;0;0;0;0;0;0;0;0;0;0;0;0;0;0;0;0;0;0;0;0;0;0;0;0;0;0;0;0;0;0;0;0;0;0;0;0;0;0;0;0;0;0;0;0;0;0;0;0;0;0;0;0;0;0;0;0;0;0;0;0;0;0;0;0;0;0;0;0;0;0;0;0;0;0;0;0;0;0;0;0;0;0;0;0;0;0;0;0;0;0;0;0;0;0;0;0;0;0;0;0;0;0;0;0;0;0;0;0;0;0;0;0;0;0;0;0;0;0;0;0;0;0;0;0;0;0;0;0;0;0;0;0;0;0;0;0;0;0;0;0;0;0;0;0;0;0;0;0;0;0;0;0;0;0;0;0;0;0;0;0;0;0;0;0;0;0;0;0;0;0;0;0;0;0;0;0;0;0;0;0;0;0;0;0;0;0;0;0;0;0;Longidoridae;Longidorus
Nem_22;0;0;0;0;0;0;0;0;0;0;0;0;0;0;0;0;0;54;0;0;0;0;0;0;216,46;0;0;17,29;0;0;0;26,84;68,14;0;22,28;0;0;0;126,83;0;79,11;0;0;110,71;34,19;0;0;0;7,06;0;0;0;202,7;0;0;0;0;0;0;0;0;0;0;0;0;0;0;0;0;119,6;0;0;0;0;0;0;0;0;0;0;41,69;0;14,54;0;73,53;0;0;0;0;0;0;0;0;0;0;0;0;0;166,13;0;82,83;0;0;0;21,28;0;0;429,4;198,81;128,95;0;0;0;0;0;0;0;33,44;0;0;114,44;151,15;10,38;0;9,46;0;45,2;18,46;0;0;152,65;0;0;195,7;148,89;0;9,07;0;0;0;0;0;0;28;0;0;0;0;0;0;0;446,35;0;0;3,88;0;0;0;0;0;161,6;25,16;0;0;0;0;0;0;0;0;0;0;0;0;0;0;0;0;93,71;0;0;0;0;0;0;0;0;0;0;0;0;0;0;0;0;0;0;0;0;0;0;0;0;0;0;0;0;0;0;0;0;166,61;0;73,38;0;56,09;0;0;147,33;32,3;0;0;0;0;26,35;0;1092,3;50;17,23;0;0;0;954,74;238,44;0;0;0;249,52;0;115,79;0;145,5;0;82,43;0;44,17;0;0;0;0;0;0;0;0;0;0;0;0;0;7,52;0;0;0;0;0;0;0;0;0;0;0;0;234,52;0;0;53,28;66,33;0;0;0;0;0;5,9;0;0;0;0;0;0;0;0;0;0;73,05;0;0;0;0;0;0;0;0;0;0;0;0;0;0;0;0;0;0;0;0;0;0;0;0;0;0;0;0;0;0;0;0;0;0;0;0;0;0;0;0;0;0;0;0;0;0;0;0;0;0;0;0;0;62,35;0;299,29;0;0;0;0;0;0;0;0;0;0;0;0;0;0;0;0;0;0;0;0;0;0;0;0;0;0;0;0;0;0;0;0;0;0;0;0;0;27,66;0;0;0;0;0;0;17,69;0;0;20,53;0;13,3;0;0;0;0;0;0;Heteroderidae;Meloidogyne
Nem_23;0;0;0;0;0;0;0;0;0;0;0;30,43;0;0;0;0;0;0;0;0;0;0;0;0;0;0;0;0;0;0;0;0;0;0;0;0;0;0;0;0;0;0;0;0;0;0;0;0;0;0;0;0;50,68;0;0;0;0;0;0;0;0;0;0;0;0;0;0;0;0;0;0;0;0;0;0;0;0;0;0;0;0;0;0;0;0;0;0;0;0;0;0;0;0;0;0;0;0;0;0;0;0;0;0;0;0;0;0;0;0;0;0;0;0;0;0;0;0;33,44;0;0;0;0;0;0;0;0;0;0;0;0;0;0;0;0;0;0;0;0;0;0;0;0;0;0;0;0;0;0;0;0;0;9,11;0;0;0;0;0;0;0;0;0;0;0;0;0;0;0;0;0;0;0;0;0;0;0;0;0;0;0;0;0;0;0;0;0;0;0;0;0;0;0;0;0;0;0;0;0;0;0;0;0;0;0;0;0;0;0;0;0;0;0;0;0;0;26,61;0;0;0;0;0;0;0;0;0;0;0;0;0;0;0;0;0;0;0;0;0;0;0;0;0;0;0;0;0;0;0;0;0;0;0;0;0;0;0;0;0;0;0;0;0;0;0;0;0;0;0;0;0;0;0;0;0;0;0;0;0;0;0;0;0;0;0;0;0;0;0;0;0;0;0;0;0;0;0;0;13,09;0;0;0;0;0;0;0;0;0;0;0;0;0;0;0;0;0;0;0;0;0;0;0;0;0;0;0;0;0;0;0;0;0;0;0;0;0;0;0;0;0;0;0;0;0;0;0;0;0;0;0;0;0;0;0;0;0;8;0;0;0;0;0;0;0;0;0;0;0;0;0;0;0;0;0;0;0;0;0;0;0;0;0;0;0;0;0;0;0;0;0;0;0;29,44;5,83;0;0;0;0;0;0;0;0;0;0;0;0;0;0;0;Monhysteridae;NA
Nem_24;11,54;17,91;0;0;30,76;37,87;29,82;11,58;4;34,41;0;10,14;13,99;49,15;0;28,71;15,66;62,64;0;2;19,11;29,46;0;15,21;0;0;31,76;2;0;86,21;0;0;17,03;0;22,28;0;0;44,34;0;13,08;0;2;24,68;13,84;11,4;0;69,84;8,15;63,58;15,37;6,72;71,49;0;10;2;68,98;45;0;63,24;65,62;60,42;32,84;28,2;52,48;54,97;59,24;0;31,56;9,73;0;0;10,76;0;8,74;0;0;58,82;0;0;0;0;4;14,54;183,15;257,35;184,55;23,63;30,32;173,13;0;11,28;0;20;0;56,71;0;5,34;0;0;10,39;10,35;0;14,08;0;0;4,68;12,89;22,6;24,85;21,49;36,21;30,88;0;63;0;34,13;0;0;0;2;0;68,71;0;27,23;0;33,84;4;110,76;21,92;2;152,65;14,94;0,97;0;0;22,93;63,47;267,27;0;11,91;42,13;121,66;51,95;0;0;125,89;0;0;5,15;33,4;171,21;27,33;89,51;31,4;0;35,68;17,84;16,43;59,24;66,67;48,48;25,16;2;462,63;0;92,91;25;82,15;20,1;0;8;20,22;16,56;105,82;44,1;0;0;103,75;23,43;41,5;64,23;0;13,36;0;153,53;14,86;6;0;12,19;5;52,4;0;0;39,91;4;0;32,92;13,34;0;17,24;14,94;18,65;0;12,67;25;0;0;45,36;16,69;2;4,44;0;0;73,38;0;98,15;1;8,52;34;0;14,64;0;116,08;91,48;2;0;0;0;86,17;389,42;27,42;0;0;0;31,91;36,88;2;6;51,28;0;4,54;18,19;17,01;54,95;0;2;8;4;0;25,43;0;0;48;0;4;0;0;0;0;0;0;0;2;16,96;7,75;0;0;98,73;38;0;22,35;148,33;0;5,51;179,68;26,64;8;251,68;0;31,91;6;37,94;17,7;2;0;0;0;22,52;26;42,12;100;5,36;84,2;109,57;0;52,35;25,27;10,44;0;0;95,83;18,63;22,63;0;10;0;0;15,21;8,96;0;4,39;8;9,62;182,61;0;76,74;0;0;0;34,42;0;17,12;23,62;0;17,3;13,45;78,53;0;7,1;29,31;0;8,99;0;0;0;13,99;0;50,99;0;0;0;2;0;0;0,96;15,22;91,43;0;24;0;0;0;15,08;16;0;0;17,35;10;20,03;0;0;0;0;37,42;17,1;0;0;76,63;0;64,12;9,71;0;0;0;0;0;8,73;0;0;0;8;0;0;0;0;0;0;50;0;0;0;0;0;0;4;9,66;50,77;0;0;0;0;0;8;0;0;8,64;Mononchidae;NA
Nem_25;0;0;0;23,1;0;0;0;17,38;12;0;0;0;0;0;0;0;0;0;0;0;0;0;0;15,21;0;0;0;0;0;0;0;0;0;0;0;0;0;0;0;0;0;0;0;0;0;0;0;12,22;0;0;0;0;0;0;0;0;0;0;0;0;0;0;0;0;0;0;0;0;0;79,74;0;0;0;0;0;0;0;0;0;0;0;0;0;0;0;0;0;0;0;0;0;0;0;0;0;0;0;0;0;0;0;0;0;0;0;0;0;0;0;0;0;0;0;0;0;0;0;0;0;0;0;0;0;0;0;0;0;0;0;0;0;0;0;0;0;0;0;0;0;0;0;0;0;0;0;0;0;0;0;0;0;0;0;0;0;0;0;0;0;0;0;0;0;0;0;0;0;0;0;0;0;0;0;0;0;0;0;0;0;0;0;0;0;0;0;0;0;0;0;0;0;0;0;0;0;0;0;0;0;103,43;0;0;0;0;0;0;0;0;0;0;0;20;0;0;0;0;0;0;0;0;0;0;0;0;0;0;0;0;0;0;0;0;0;0;0;0;0;0;0;0;0;0;0;0;0;0;0;0;0;0;0;0;0;0;0;0;0;0;0;0;0;0;0;0;0;0;0;0;0;0;0;0;0;0;0;0;0;0;0;0;0;0;0;0;0;0;0;0;0;0;0;0;0;0;0;0;0;0;0;0;0;0;0;0;0;0;0;0;0;0;0;0;0;0;0;0;0;0;0;0;0;0;0;0;0;0;0;0;0;0;0;0;0;0;0;0;0;0;0;0;0;0;0;0;0;0;0;0;0;0;0;0;0;0;0;0;0;0;0;0;0;0;0;0;0;0;0;0;0;0;0;0;0;0;0;0;0;0;0;0;0;0;0;0;0;0;0;0;0;0;0;0;0;0;0;0;0;0;0;0;0;0;0;0;0;0;Neotylenchidae;NA
Nem_26;0;0;0;0;0;0;0;0;0;0;0;0;0;0;0;0;0;0;0;0;0;0;0;0;0;0;0;0;0;0;0;0;0;0;0;0;0;0;0;0;0;0;0;0;0;0;0;0;0;0;0;0;0;0;0;0;0;0;0;0;0;0;0;0;0;0;0;0;0;0;0;0;0;0;0;0;0;0;0;0;0;0;0;0;0;0;0;0;0;0;0;0;0;0;0;0;0;0;0;0;0;0;0;0;0;0;0;0;0;0;0;0;0;0;0;0;0;0;0;0;0;0;0;0;0;0;0;0;0;0;0;0;0;0;0;0;0;0;0;0;0;0;0;0;0;0;0;0;0;0;0;0;0;0;0;0;17,84;0;0;0;0;0;0;0;0;0;0;0;0;0;0;0;0;0;0;0;0;0;0;0;0;0;0;0;0;0;0;0;0;0;0;0;0;0;0;0;0;0;0;0;0;0;0;0;0;0;0;0;0;0;0;0;0;0;0;0;0;0;0;0;0;0;0;0;0;0;0;0;0;0;0;0;0;0;0;0;0;0;0;0;0;0;0;0;0;0;0;0;0;0;0;0;0;0;0;0;0;0;0;0;0;0;0;0;0;0;0;0;0;0;0;0;0;0;0;0;0;0;0;0;0;0;0;0;0;0;0;0;0;0;0;0;0;0;0;0;0;0;0;0;0;0;0;0;0;0;0;0;0;0;0;0;0;0;0;0;0;0;0;0;0;0;0;0;0;0;0;0;0;0;0;0;0;0;0;0;0;0;0;0;0;0;0;0;0;0;0;0;0;0;0;0;0;0;0;0;0;0;0;0;0;0;0;0;0;0;0;0;0;0;0;0;0;0;0;0;0;0;0;0;0;0;0;0;0;0;0;0;0;0;0;0;0;0;0;0;0;0;0;0;0;0;0;0;0;0;Nordiidae;NA
Nem_27;46,16;17,91;0;0;20,5;63,11;0;0;0;34,41;0;0;41,96;24,58;70,65;57,42;0;0;203,82;21,58;95,56;73,65;29,17;15,21;0;16,85;0;34,58;51,27;28,74;0;71,58;85,17;0;22,28;0;47,01;44,34;570,76;13,08;79,11;108,38;24,68;27,68;45,58;67,52;0;0;0;23,06;26,87;190,65;0;10;12,73;172,46;15;694,27;25,3;13,12;155,36;0;140,98;52,48;27,49;29,62;39,02;126,25;9,73;1275,76;30,41;32,27;0;43,68;0;24,57;58,82;8700;58,55;54,13;0;0;43,61;137,36;36,76;92,28;31,5;0;57,71;20,58;0;0;30;288,55;113,42;26,72;0;130,72;0;10,39;0;197,33;28,17;0;21,28;0;51,57;0;62,13;0;144,83;509,5;0;273;38,09;0;41,42;167,19;27,16;58,23;237,69;109,93;155,64;0;18,92;236,9;3,85;129,22;21,92;305,56;824,3;239,05;26,26;97,85;28,82;0;99,73;0;965,25;0;42,13;30,41;51,95;0;0;283,26;0;9;82,41;11,13;770,45;81,98;232,72;47,11;0;178,41;927,75;82,17;29,62;400;129,28;301,94;10,25;4394,95;331,28;92,91;86,22;0;160,79;35,53;466,36;26,96;0;169,31;0;139,4;31,25;14,82;23,43;166,02;171,28;267,94;80,18;77,16;25,59;29,71;0;125,71;48,77;6;131;6,78;0;0;22,75;11;0;0;26,38;34,48;0;12,43;8,44;126,72;23,68;11,58;126,04;272,16;19,47;11,11;8,89;458,18;4,98;1907,89;0;42,06;17;68,18;612;16,15;87,82;493,58;69,65;237,85;0;57,48;96,38;0,97;482,55;194,71;123,39;125,83;396,31;39,74;127,66;4;97,25;424,19;95,24;1447,37;18,14;90,94;102,04;219,8;2809,09;8,03;333,72;0;263,82;2;263,17;14,15;358,86;0;20,76;1,85;90,48;40,8;0;30,06;108,46;21,13;74,21;84,81;23,26;93,54;278,74;131,64;36,08;0;44,69;593,33;156,35;0;44,92;452,87;530,67;352,35;0;47,87;151,68;25,29;5,9;27,41;51,74;34,96;111,9;22,52;8;0;0;21,42;16,84;1680,14;0;39,26;75,8;10,44;98,7;28,39;702,73;18,63;248,88;1975,91;257,53;86,17;142,01;167,26;80,63;127,46;4,39;2;9,62;1156,52;140,69;98,67;109,19;18,29;0;8;5,79;17,12;283,44;59,81;17,3;47,07;196,32;9;0;14,66;310,72;0;27,98;9,59;183,55;55,94;330,18;0;0;300,94;208,33;0;0;30,92;47,97;30,45;342,86;31,18;0;29,93;325,63;13,89;105,58;79,78;5,78;237,59;0;210,25;66,77;44,84;0;20,33;484,04;6,8;7,33;251,61;1191,28;191,58;0;192,37;29,14;32,48;155,97;97,66;24,75;177,78;34,93;110,5;81,67;696,42;11,25;402,88;24,03;29,02;877,37;311,11;510,77;221,28;13,52;29,44;0;0;633,33;408,14;2;2;317,29;1868,21;75;478,75;161,77;315,84;2;33,04;1576,09;311,12;Panagrolaimidae;NA
Nem_28;0;0;0;0;0;0;0;0;0;0;103,92;547,71;181,83;221,18;84,78;133,97;0;41,76;67,94;0;0;29,46;29,17;106,5;1894,05;50,55;0;17,29;102,54;0;0;0;0;0;245,05;0;62,69;177,37;0;0;26,37;650,27;0;13,84;501,4;0;0;0;282,58;0;0;71,49;1266,89;4;0;0;0;347,13;69,56;0;0;0;0;52,48;0;74,05;0;15,78;0;358,81;60,81;64,54;0;0;0;98,27;8,4;0;365,94;0;0;0;479,68;0;147,06;207,62;31,5;0;0;0;90,28;0;0;1236,64;0;2;0;16,34;470,7;20,78;124,25;56,38;0;0;0;0;0;542,4;12,43;85,97;0;0;1244,44;126;266,65;0;1;0;13,58;247,48;0;192,37;0;0;0;203,06;4,81;0;0;325,93;0;0;2,92;195,7;19,21;0;63,47;0;0;0;0;167,28;1038,97;560;87,76;62,95;0;0;0;11,13;0;0;125,31;0;2,91;17,84;446,03;0;59,24;133,33;226,24;25,16;0;2081,82;1532,18;0;86,22;6,85;10,05;550,74;0;2;231,88;0;14,7;250,92;0;59,29;0;20,75;235,5;1161,07;40,09;154,31;140,74;0;195,21;440;0;4;170,3;57,14;0;139,68;45,5;5;0;40,02;13,19;362;836,48;18,65;25,32;114,05;0;2;100,83;90,72;2,78;2;4,44;124,96;0;2274,79;1011,29;112,17;0;0;50;16,15;0;0;69,65;0;158,13;344,9;0;19,35;17,23;64,9;13,71;10,49;72,06;79,48;0;0;48,63;49,9;0;28,95;0;254,63;51,02;0;280,91;0;517,27;0;3429,62;432,37;355,28;14,15;107,66;218,78;20,76;1,85;90,48;326,4;5,53;22,55;0;0;178,1;0;0;355,44;0;1842,99;108,25;62,17;111,73;74,17;117,26;22,05;0;133,2;0;20;410,82;0;60,67;37,94;135,7;18,27;413,89;1258,63;3497,02;157,61;2;147,43;59,29;5,36;16,84;73,05;4,56;0;101,07;0;0;42,58;0;614,79;158,38;599,83;64,38;2671,28;28,4;0;0;1444,51;0;0;0;913,04;797,24;10,96;1273,9;12,2;127,46;240,94;0;0;141,72;74,77;34,59;0;0;0;0;0;0;31,47;17,81;60,74;32,39;13,99;0;178,47;2;42,99;50;0;82;0;0;0;0;50;8;119,72;0;41,67;0;0;0;47,52;0;163,52;0;164,41;0;0;0;0;0;209,68;0;0;0;64,12;0;0;0;569,71;132;248,89;0;8;544,44;63,31;0;0;0;0;106,35;0;0;138,3;27,03;264,96;35,01;2220;33,33;0;6;0;12,69;0;0;26,6;0;90,24;6;24,78;63,04;0;Tylenchulidae;Paratylenchus
Nem_29;0;0;0;0;0;0;0;0;0;0;0;0;0;0;0;0;27,4;0;0;0;0;0;0;0;0;0;95,27;0;0;287,38;71,82;0;0;315,48;0;62,21;0;0;0;0;0;0;24,68;0;0;0;104,77;12,22;0;0;0;23,83;0;0;0;0;0;0;0;0;8,63;10,95;0;0;274,87;0;165,84;0;19,45;0;0;0;0;0;0;0;0;350;0;0;125,08;0;0;0;0;0;0;40,42;28,85;617,52;0;0;0;0;0;0;5,34;0;0;0;0;0;70,42;126,66;0;0;19,34;0;0;0;0;0;0;0;0;0;0;0;0;0;0;0;0;0;0;0;0;0;0;0;0;0;0;0;0;0;0;0;0;0;0;0;0;0;0;0;0;0;0;0;0;0;0;0;0;0;0;0;0;0;0;0;0;0;0;0;0;0;0;0;0;0;0;0;0;0;0;0;0;0;0;0;0;0;0;0;0;0;0;0;0;0;0;0;0;0;0;0;0;0;0;0;0;0;0;0;0;0;0;0;0;0;0;0;0;0;0;0;0;0;0;0;0;0;0;0;0;0;0;0;0;0;0;0;0;0;0;0;0;0;0;0;0;0;0;0;0;0;0;0;0;0;0;0;0;0;0;0;0;0;0;0;0;0;0;0;0;0;0;0;0;0;0;0;0;0;0;0;0;0;0;0;0;0;0;0;0;0;0;0;0;0;0;0;0;0;0;0;0;0;0;0;0;0;0;0;0;0;0;0;0;0;0;0;0;0;0;0;0;0;0;0;0;0;0;0;0;0;0;0;0;0;0;0;0;0;0;0;0;0;0;0;0;0;0;0;0;0;0;0;0;0;0;0;0;0;0;0;0;0;0;0;0;0;0;0;0;0;0;0;0;0;0;0;0;0;0;0;0;0;0;0;0;0;0;0;0;0;0;0;0;0;0;0;0;0;0;0;0;0;0;0;0;0;0;0;Plectidae;NA
Nem_30;0;161,2;0;0;51,26;164,09;49,69;0;0;435,86;0;0;0;24,58;395,64;66,99;0;20,88;0;32,36;229,35;29,46;393,86;212,99;216,46;0;0;121,04;71,78;0;35,91;339,99;0;0;935,65;0;62,69;266,06;348,8;0;158,22;6;0;27,68;0;151,92;0;16,3;0;345,89;0;47,66;557,43;0;45,84;0;570;347,13;94,86;0;34,52;0;281,96;0;54,97;88,86;9,76;315,64;0;438,54;623,31;32,27;61,44;34,94;0;73,7;0;450;43,91;649,61;83,39;801,64;436,07;1327,8;992,65;46,14;47,26;0;115,42;20,58;0;0;0;618,32;0;6,68;0;81,7;332,26;62,33;10,35;620,19;84,51;52,77;1000,02;9,36;12,89;90,4;310,64;171,93;135,78;0;760,49;63;2;0;109,2;1036,6;0;14,56;35,21;41,22;72,63;0;0;270,75;5,77;775,31;0;61,11;30,53;373,51;1,94;391,4;9,61;0;9,07;0;0;0;484,45;0;259,74;182;548,51;62,95;82,96;9;82,41;0;0;0;71,61;0;23,29;0;124,89;0;533,19;66,67;48,48;503,23;10,25;0;41,41;0;258,66;6,85;100,5;248,72;137,17;0;182,19;0;191,11;111,52;15,63;652,16;351,43;0;128,46;44,66;13,36;385,78;102,35;237,71;27,89;502,86;0;0;91,7;5,81;1,77;419,05;0;1;16,46;80,03;158,29;68,95;492,92;6,22;101,28;50,69;118,42;46,31;252,08;241,92;5,56;0;0;0;0;20;0;70,11;0;0;0;32,3;0;85,84;11,61;73,18;711,58;287,41;160,63;9,68;120,64;194,71;27,42;0;0;158,96;95,74;18,44;20,84;49,9;14,65;202,63;0;90,94;119,05;219,8;56,18;0;0;0;43,97;2;118,43;0;0;129,28;0;16,66;90,48;122,4;35,91;0;672,46;464,88;0;50,88;0;187,07;464,56;0;36,08;233,12;201,12;148,33;117,26;0;0;79,92;265,33;0;0;574,41;182,02;88,52;5,9;255,83;310,42;559,39;83,93;157,61;0;926,68;1274,64;0;151,57;36,52;0;0;25,27;0;394,82;184,52;0;149,04;294,13;0;676,03;0;56,8;45,62;0;254,91;0;2;57,71;182,61;844,14;10,96;473,16;42,68;9,8;68,84;0;633,46;307,06;104,67;0;0;176,69;126;0;7,33;647,33;0;7,63;0;0;181,81;4;25,5;0;257,95;0;0;10,25;1128,59;12,47;45,67;480;1371,76;0;448,94;279,11;0;0;0;14,45;332,62;34,7;23,36;0;0;333,44;0;670,21;0;0;83,87;405,03;0;0;0;0;0;0;146,5;16,5;497,78;61,12;745,9;571,67;0;0;241,73;432,53;0;159,52;19,44;191,54;27,66;81,09;382,72;215,88;330;0;136,05;2;0;0;61,59;637,5;53,19;29,41;0;0;0;189,13;267,91;Pratylenchidae;Pratylenchus
Nem_31;2,88;0;10,12;7,7;0;0;0;0;2;0;51,96;0;0;12,29;0;9,57;0;0;0;0;0;0;14,59;0;54,12;33,7;0;17,29;30,76;0;17,96;0;34,07;112,67;44,55;0;15,67;88,69;0;52,33;26,37;43,35;0;13,84;22,79;0;0;4,07;35,32;46,12;26,87;23,83;0;0;10,19;0;15;69,43;6,32;0;0;0;56,39;37,48;0;88,86;9,76;0;9,73;0;0;118,31;0;0;0;0;25,21;1200;14,64;18,04;0;25,05;14,54;137,36;330,88;92,28;63,01;20,21;0;41,17;22,57;60,94;70;123,66;0;6,68;0;16,34;193,82;41,55;20,71;14,1;14,08;31,66;42,55;0;32,23;158,2;74,55;214,92;81,47;15,44;138,27;21;0;11,38;18,83;601,89;27,16;14,56;8,8;151,15;31,13;136,17;28,38;67,69;1,92;36,92;109,58;20,37;183,18;74,7;2,92;146,77;52,83;45,87;0;0;10,16;11,91;0;30,41;25,97;112;21,94;188,84;0;8;5,15;22,27;85,61;2;17,9;31,4;0;17,84;0;16,43;148,11;66,67;113,12;176,13;20,49;520,45;124,23;92,91;129,33;150,62;60,3;35,53;109,73;0;33,13;84,66;44,1;55,76;15,63;0;23,43;207,52;0;44,66;13,36;0;38,38;29,71;0;0;12,19;0;26,2;1,94;0;59,86;5,69;0;24,69;26,68;52,76;0;0;0;0;12,67;11,84;0;201,67;60,48;5,56;11,11;40;124,96;2;220,14;186,29;126,19;5;102,27;11,33;0;14,64;10;2;91,48;52,71;0;224,89;10,65;103,4;324,52;0;73,4;36,03;119,22;63,83;0;4;124,76;58,61;347,37;4,54;254,63;85,03;27,48;280,91;0;33,37;16,48;0;25,43;65,79;0;35,89;19,89;332,12;0;4;20,4;0;37,58;0;0;44,52;33,92;54,28;0;77,43;131,64;108,25;15,54;44,69;148,33;351,78;5,51;14,97;452,87;0;478,19;74,7;47,87;60,67;25,29;5,9;0;50;69,92;0;22,52;10;63,18;88,93;5,36;185,25;292,2;4,56;78,53;25,27;271,4;0;0;95,83;37,26;22,63;0;10;258,51;113,61;76,03;35,84;84,97;26,34;8;0;547,83;187,59;32,89;254,78;0;0;34,42;0;222,57;0;74,77;17,3;17,93;39,26;9;0;6;0;13,49;0;3,2;10,8;27,97;0;76,49;11,37;214,96;156,25;20,16;0;15,46;3,84;121,78;182,86;31,18;0;179,57;46,52;0;30,17;96;3,85;0;0;0;13,35;0;0;2;37,23;10,21;2,44;0;0;0;0;64,12;0;0;0;0;24,75;50;2;110,5;217,78;0;61,9;20,14;12,01;58,04;26,59;0;31,92;27,66;0;8;23,34;0;0;10;0;2;2;0;25;186,18;7,35;9,02;2;8;0;8,64;Prismatolaimidae;NA
Nem_32;0;0;0;0;0;0;0;0;0;0;0;0;0;0;0;0;0;0;0;0;0;0;0;0;0;0;0;0;0;0;0;0;0;0;0;0;0;0;0;0;0;0;0;0;0;0;0;0;0;0;0;0;50,68;0;0;0;0;0;0;0;0;0;0;7,5;0;0;0;0;0;0;0;0;0;0;0;0;0;0;0;0;83,39;0;14,54;0;0;0;0;0;0;0;22,57;0;0;0;0;0;0;0;0;0;0;0;0;0;0;0;0;0;0;0;0;0;0;0;0;0;0;0;0;0;0;0;0;0;0;0;0;0;0;0;0;0;0;0;0;0;0;0;0;0;0;0;0;0;0;0;0;0;0;0;0;0;0;0;0;0;0;0;0;0;0;0;0;0;0;0;0;0;0;0;0;0;0;0;0;0;0;0;0;0;0;0;0;0;0;0;0;31,43;0;0;0;0;0;0;0;0;0;13,34;0;0;0;0;0;0;0;0;0;0;0;0;0;0;0;0;0;0;0;0;0;0;0;0;0;0;0;0;0;0;0;0;0;0;0;0;0;0;0;0;0;0;0;0;0;0;0;0;0;0;0;0;0;0;0;0;0;0;0;0;0;0;0;0;0;0;0;0;0;0;0;0;0;0;0;0;0;0;0;0;0;0;0;0;0;0;0;0;0;0;0;0;0;0;0;0;0;0;0;0;0;0;0;18,63;0;0;0;0;0;0;0;0;0;0;0;0;0;0;0;0;0;0;0;0;0;0;0;0;0;0;0;0;0;0;0;0;0;0;0;0;0;0;0;0;0;0;0;0;0;0;0;0;0;0;0;0;0;0;0;0;0;0;0;0;0;0;0;0;0;0;0;0;0;0;0;0;0;0;0;0;0;0;0;0;0;0;0;0;0;0;0;0;0;0;0;0;0;0;0;0;0;0;0;0;0;0;0;0;Tylenchidae ;Psilenchus
Nem_33;0;35,82;0;0;10,25;0;9,94;0;0;0;17,32;0;0;36,86;28,26;9,57;0;0;0;0;0;0;0;0;0;0;0;0;0;0;0;0;51,1;0;0;0;0;0;0;0;0;0;0;0;0;0;0;0;0;0;0;23,83;0;4;0;0;0;34,71;0;0;0;0;0;0;0;0;0;0;0;0;0;0;0;8,74;0;0;0;0;0;0;41,69;0;0;0;0;0;0;0;0;0;0;0;0;0;0;0;0;0;0;0;0;0;0;0;0;0;0;0;0;64,47;0;0;0;0;0;0;3,77;0;0;29,12;0;0;0;0;0;0;0;0;0;0;0;0;1,94;0;0;0;9,07;0;0;0;0;0;0;0;0;0;0;0;0;0;0;9,11;35,8;0;0;0;17,84;0;0;0;32,32;0;0;0;0;0;0;0;0;0;0;0;0;0;0;0;7,81;0;0;0;0;0;0;0;12,79;0;0;0;0;0;0;0;0;0;0;0;0;0;0;0;0;0;16,88;0;0;0;0;0;0;0;0;0;0;0;26,61;168,26;0;0;0;0;0;0;0;0;0;0;0;0;0;0;0;0;0;0;21,28;0;0;24,95;0;0;0;0;0;0;0;0;0;0;0;0;0;0;0;0;0;0;0;0;0;0;0;0;0;84,81;0;0;0;0;0;0;22,35;0;0;0;0;0;0;0;0;0;0;0;0;0;0;0;0;0;0;0;0;0;0;0;0;0;0;0;0;0;0;0;0;0;0;0;0;0;0;0;0;0;0;0;0;0;0;0;0;0;0;0;0;0;0;0;0;0;0;0;0;0;0;0;0;0;0;0;0;0;0;0;0;0;0;0;0;0;0;0;0;0;0;0;0;0;0;0;0;0;0;0;0;0;0;0;0;0;0;0;0;0;0;0;0;0;0;0;0;0;0;0;0;0;53,17;0;0;0;0;0;0;30;0;0;0;0;0;0;0;0;0;0;0;0;0;0;Qudsianematidae;NA
Nem_34;25,96;1397,04;0;0;20,5;189,34;447,23;0;26;252,34;173,19;0;195,81;0;84,78;9,57;0;0;294,4;0;0;0;14,59;0;0;0;0;121,04;0;0;17,96;35,79;68,14;22,53;0;31,1;0;354,74;0;0;26,37;0;0;27,68;45,58;25,32;0;0;0;15,37;0;47,66;0;0;0;206,95;30;0;0;0;198,51;21,89;0;7,5;82,46;0;0;110,47;0;119,6;167,23;21,51;0;17,47;31,09;0;0;100;204,93;469,16;41,69;75,15;14,54;549,44;36,76;0;0;0;57,71;20,58;90,28;22,16;20;329,77;170,13;0;0;32,68;0;93,49;0;281,9;28,17;0;297,88;0;6,45;0;149,11;0;81,47;15,44;34,57;0;0;0;7,53;66,88;0;22;96,84;41,22;41,5;0;0;0;1,92;73,84;0;81,48;488,48;179,28;0,97;1369,89;0;0;453,33;0;386,1;11,91;674,02;15,21;25,97;0;0;0;0;0;56,66;55,66;119,85;9,11;71,61;0;0;0;0;0;0;0;16,16;8;0;346,97;165,64;46,46;86,22;6,85;150,74;0;877,86;0;66,25;0;58,8;27,88;0;0;70,29;0;0;0;0;0;20;0;0;125,71;2;0;65,5;0;0;0;0;0;0;53,35;13,19;0;0;0;8,44;25,34;0;11,58;0;105,84;0;0;4,44;83,31;4,98;660,42;159,68;168,26;0;59,66;170;0;58,55;150,22;0;4;0;0;16,06;1,94;68,94;64,9;0;0;18,01;0;10,64;0;0;49,9;14,65;0;0;0;0;54,95;0;0;0;0;43,97;0;92,11;14,15;35,89;39,78;0;1,85;0;0;0;0;520,62;232,44;0;152,65;0;18,71;77,43;32,91;0;0;0;37,08;234,52;0;0;106,56;66,33;176,17;0;15,96;394,37;12,65;0;0;0;0;0;0;0;0;0;0;0;146,1;0;40;50,54;0;98,7;14,19;31,94;18,63;0;0;0;0;0;0;8,96;0;0;0;28,86;60,87;0;120,6;0;24,39;0;0;0;0;0;0;674,59;2,24;19,63;81;0;7,33;595,54;0;2,54;15,98;0;27,97;86,89;2;0;0;52,08;0;0;216,44;18,23;0;68,57;0;0;0;93,04;0;0;0;0;23,76;20;93,44;2;0;0;0;0;17,01;0;41,94;595,64;38,32;0;160,31;2;0;0;65,11;0;35,56;0;0;27,22;10;0;0;0;0;26,59;466,67;95,77;0;0;88,32;0;0;0;30,23;0;0;12,69;20,53;0;26,6;7,35;9,02;0;0;0;69,14;Rhabditidae;NA
Nem_35;0;0;55,68;446,65;51,26;0;0;115,85;0;0;0;0;0;12,29;0;9,57;15,66;104,39;0;10,79;0;0;0;0;0;0;63,51;0;0;660,97;17,96;0;51,1;0;0;0;0;0;0;0;26,37;195,08;37,02;0;0;0;0;0;0;0;0;0;0;0;0;0;15;0;0;0;0;0;0;0;0;0;0;15,78;0;199,34;45,61;0;0;0;0;0;0;0;0;0;250,17;25,05;0;0;0;0;0;0;0;20,58;0;0;0;0;0;0;0;0;0;0;0;0;0;21,11;0;0;0;0;0;0;0;46,32;0;0;8;34,13;0;0;13,58;0;0;0;0;0;0;0;0,96;55,38;0;0;0;0;3,89;48,92;0;0;0;0;0;23,83;0;0;0;0;0;157,36;0;0;0;0;0;0;0;0;0;0;0;0;29,62;0;0;0;0;0;0;0;43,11;0;0;0;27,43;0;0;0;0;0;0;0;0;0;0;89,31;0;0;0;0;0;0;0;1;0;0;0;0;0;0;0;0;0;0;0;0;0;0;0;0;50;0;0;0;0;41,65;0;0;0;0;0;0;0;0;0;0;0;0;0;0;0;0;0;129,81;0;0;18,01;0;0;0;0;0;7,33;0;18,14;0;0;0;0;0;0;0;0;0;0;2;0;0;0;0;0;0;0;0;0;0;0;0;0;0;0;0;0;0;0;0;0;0;0;0;0;0;0;0;30,34;0;0;0;0;0;0;0;0;0;0;0;0;0;0;18;0;10,44;0;0;0;0;0;0;0;0;0;0;0;0;0;0;0;0;0;0;0;0;2;0;0;0;0;0;0;0;0;0;0;0;0;0;0;0;0;0;0;0;5,68;42,99;0;0;0;0;0;0;0;0;0;0;0;0;0;0;0;0;0;0;0;2;0;0;0;0;0;0;0;0;0;0;0;0;0;0;0;0;0;0;0;0;0;0;0;0;0;0;0;0;0;0;0;0;0;0;0;0;0;0;0;0;0;0;0;0;21,01;0;Hoplolaimidae;Rotylenchus
Nem_36;0;71,64;0;0;0;0;9,94;0;0;0;17,32;0;0;0;14,13;19,14;0;0;0;0;0;14,73;72,94;121,71;0;0;0;0;30,76;0;0;0;0;0;22,28;0;0;177,37;31,71;0;0;0;0;0;0;0;0;8,15;7,06;23,06;6,72;142,99;50,68;0;17,83;0;0;104,14;0;39,37;0;0;225,57;74,97;494,76;29,62;0;0;0;0;0;10,76;30,72;0;0;0;0;500;0;0;41,69;0;58,14;0;73,53;23,07;7,88;0;548,24;20,58;90,28;5,54;20;41,22;113,42;6,68;0;0;27,69;20,78;51,77;0;42,25;21,11;0;4,68;6,45;90,4;12,43;107,46;0;15,44;69,14;126;38,09;11,38;0;0;13,58;0;0;13,74;10,38;108,94;18,92;507,65;10,58;0;197,25;244,45;152,65;29,88;3,89;146,77;0;22,93;9,07;15,72;0;11,91;0;15,21;77,92;0;0;62,95;0;0;0;33,4;17,12;9,11;161,11;31,4;0,97;53,52;17,84;2;88,87;0;0;75,48;2;346,97;82,82;278,74;43,11;6,85;0;142,13;0;6,74;0;84,66;0;0;0;0;0;20;21,41;89,31;40,09;0;0;44,57;0;0;4;0;13,1;0;0;0;0;1;24,69;0;0;0;0;0;0;0;0;0;151,25;90,72;5,56;4;53,33;208,26;0;0;0;0;1;136,36;0;0;73,18;0;0;0;131,77;0;32,13;7,74;68,94;129,81;0;62,91;0;0;0;4;34,73;49,9;0;0;4,54;0;0;0;0;8,03;16,69;10,98;0;2;0;14,15;287,09;0;41,52;0;0;0;0;0;0;0;44,52;0;46,52;18,71;15,49;0;180,42;0;44,69;0;117,26;0;194,66;26,64;154,78;75,5;0;47,87;60,67;12,65;5,9;9,14;155,21;0;0;0;47,37;0;0;10,71;0;109,57;0;65,44;12,63;0;0;70,97;0;0;248,88;70,57;0;43,09;0;0;0;0;0;0;48,1;913,04;0;0;72,79;18,29;58,83;68,84;0;68,48;23,62;74,77;34,59;2,24;19,63;0;49,68;7,33;0;4,5;0;19,18;10,8;0;104,27;254,96;5,68;386,93;1562,5;0;0;0;2,88;243,57;91,43;31,18;0;359,15;0;0;30,17;279,22;13,49;47,52;0;0;20,03;0;30,31;40,67;260,64;47,62;31,75;83,87;0;38,32;0;32,06;0;19,49;2;32,55;8,25;142,22;8,73;27,63;54,44;126,62;45,02;0;0;29,02;159,52;0;31,92;27,66;13,52;0;0;0;66,67;60,47;26,53;4,83;0;61,59;0;39,9;7,35;9,02;0;115,63;0;0;Teratocephalidae;NA
Nem_37;0;0;5,06;0;41,01;12,62;0;0;0;0;17,32;0;0;12,29;70,65;28,71;0;0;0;53,94;0;73,65;0;0;0;0;0;12;0;0;0;0;0;0;0;0;0;0;0;0;0;0;0;0;22,79;0;0;0;0;0;26,87;0;25,34;0;0;0;0;34,71;0;0;0;0;28,2;7,5;27,49;44,43;0;0;0;0;0;10,76;307,21;0;0;0;0;0;29,28;0;0;250,51;29,07;45,79;0;0;7,88;0;28,85;0;0;0;0;0;0;0;0;16,34;0;0;0;0;0;21,11;21,28;0;0;0;0;0;0;46,32;34,57;0;2;0;3,77;18;0;0;8,8;0;0;0;0;0;0;18,46;0;20,37;0;14,94;1,94;0;4,8;0;0;0;0;0;42,13;30,41;0;126;0;62,95;0;0;0;0;17,12;0;107,41;0;0;0;89,21;0;0;0;0;8;10,25;115,66;0;0;86,22;0;0;17,77;0;0;0;0;0;0;0;0;0;0;0;0;0;25,72;0;0;0;31,43;0;0;39,3;0;0;0;0;0;0;0;13,19;0;0;0;0;12,67;0;0;0;0;2,78;0;0;0;0;0;0;14,02;0;0;0;0;2;0;2;18,3;0;28,74;0;2,9;0;0;0;0;0;0;0;0;0;6;0;0;0;0;0;0;0;0;0;0;0;0;13,16;0;0;0;0;0;0;0;0;0;86,77;21,13;14,84;135,69;0;74,83;0;32,91;0;0;22,35;37,08;0;0;0;26,64;0;0;0;15,96;0;25,29;0;0;51,74;0;0;0;0;0;0;0;0;73,05;0;0;0;0;0;0;0;0;0;0;0;0;0;0;0;0;0;0;0;0;0;0;36,4;0;0;0;0;0;23,62;29,91;0;0;19,63;18;14,19;0;0;17,98;0;0;0;0;17,38;0;0;171,97;52,08;0;2;0;0;0;0;0;0;29,93;0;0;15,08;0;1,93;0;0;46,72;0;0;0;0;0;0;2,44;0;0;0;0;0;0;0;0;0;0;0;0;0;0;0;0;0;0;0;0;0;0;0;0;0;0;0;0;0;0;0;12,69;0;0;0;0;0;0;0;0;0;Trichodoridae;NA
Nem_38;0;0;15,18;0;0;0;0;0;0;0;0;0;0;0;0;9,57;0;0;0;0;0;0;0;0;54,12;0;0;0;0;0;17,96;0;0;0;0;0;0;0;0;0;0;0;0;13,84;0;0;34,92;4,07;14,13;7,69;0;0;0;0;0;0;0;0;2;13,12;0;0;28,2;7,5;54,97;14,81;0;0;0;0;0;0;0;0;0;0;0;0;0;0;0;0;0;0;0;0;0;10,11;86,56;0;0;0;0;0;56,71;0;0;0;0;0;0;0;0;0;0;0;6,45;2;0;0;0;15,44;34,57;0;0;0;7,53;66,88;0;0;4;0;2;0;9,46;0;0,96;0;0;0;0;0;0;0;4,8;22,93;0;94,33;0;0;0;0;0;28;0;0;0;0;0;22,27;0;0;0;0;0;0;0;0;0;66,67;0;0;0;0;0;92,91;0;0;2;0;0;0;0;42,33;0;0;0;0;0;0;0;44,66;0;0;0;14,86;2;0;0;0;0;0;0;0;0;0;0;0;0;0;0;0;0;0;0;0;0;0;0;0;0;0;0;0;0;0;0;8,52;0;0;14,64;0;0;0;2;28,74;0;0;0;0;0;2;72,06;0;0;0;0;0;0;0;0;0;0;0;0;0;0;0;0;2;0;0;0;0;0;0;0;0;0;0;0;0;0;0;7,75;0;0;0;36,08;0;0;0;0;0;2;53,28;0;0;0;0;0;37,94;0;0;0;0;0;0;0;0;0;0;33,68;0;0;26,18;0;10,44;0;0;255,54;0;0;0;0;0;0;0;0;0;0;0;0;0;0;0;0;0;0;68,84;2;0;0;0;17,3;0;0;2;28,39;36,64;0;0;0;0;129,56;0;0;0;0;0;0;0;0;0;0;30,45;0;0;0;0;0;0;0;0;0;0;0;0;0;0;0;0;0;0;0;0;0;0;0;0;0;0;0;0;0;0;0;27,63;0;0;0;0;0;0;0;0;31,92;0;0;0;0;0;0;0;0;0;0;0;0;0;0;0;0;41,29;0;0;Tripylidae;NA
Nem_39;0;0;0;0;0;0;0;0;0;0;0;0;167,84;0;42,39;19,14;0;0;0;0;19,11;0;0;0;0;0;0;0;0;28,74;35,91;0;0;67,6;0;93,31;0;0;0;0;0;0;74,03;0;0;0;558,75;0;0;0;0;166,82;25,34;4;0;172,46;0;0;0;13,12;8,63;21,89;0;0;164,92;0;9,76;0;0;0;15,2;0;0;17,47;0;0;8,4;0;0;0;0;0;0;0;0;0;0;0;0;0;0;0;0;0;56,71;0;0;16,34;0;0;0;0;0;0;0;4,68;0;0;0;0;0;0;0;42;0;182,02;0;0;40,74;0;0;0;0;435,75;9,46;0;0;0;43,83;0;0;0;0;0;0;45,87;0;47,17;0;47,65;0;0;0;0;0;31,47;0;0;0;44,53;0;0;0;204,12;0;0;0;0;0;66,67;0;0;2;0;0;557,48;172,44;0;0;0;0;6,74;0;42,33;0;0;0;0;0;0;0;0;0;0;0;0;55,77;0;48,77;0;0;0;0;0;0;0;0;0;0;0;0;6,22;0;12,67;0;0;0;0;0;11,11;4,44;0;14,95;0;0;0;0;0;0;0;6;0;11,61;0;0;0;0;0;0;194,71;0;10,49;0;0;0;0;6,95;0;0;0;4,54;0;0;0;0;4,02;0;0;0;0;0;14,15;0;0;20,76;0;45,24;0;0;0;0;0;14,84;0;0;0;0;0;216,51;0;0;0;0;82,68;104,82;0;0;0;0;0;0;75,88;2;0;51,74;0;0;0;23,69;0;0;0;0;0;0;0;0;0;0;0;0;0;0;0;0;0;0;0;17,92;0;35,12;0;0;0;0;0;0;0;0;0;0;0;0;0;0;0;0;0;49,68;7,33;0;17,98;0;0;0;0;0;25,5;0;0;0;6,72;0;0;0;0;0;31,18;0;0;0;0;60,33;0;0;0;0;0;0;0;0;0;0;0;0;0;0;383,16;0;0;0;0;0;0;0;0;0;110,5;0;0;0;0;0;0;0;0;0;0;0;58,88;17,5;0;0;0;2;0;0;0;0;0;0;0;0;0;0;0;Tylenchidae;NA
Nem_40;0;0;20,25;0;0;0;0;46,34;0;0;0;182,57;0;0;0;0;27,4;0;158,52;0;0;0;0;0;0;219,07;190,53;0;0;28,74;251,38;8,95;17,03;157,74;22,28;93,31;0;0;0;65,41;0;43,35;61,69;0;0;0;768,28;12,22;42,39;15,37;6,72;95,32;0;0;48,39;413,89;0;0;0;196,86;0;0;0;14,99;27,49;0;87,8;15,78;48,63;0;0;0;153,61;0;0;0;100,84;0;0;0;208,47;0;116,29;0;0;0;0;10,11;115,42;0;0;0;490;0;1361,06;0;16,02;0;0;0;0;0;267,61;0;0;23,39;45,12;0;0;107,46;0;0;172,84;273;0;147,89;0;0;149,38;0;0;0;0;490,22;122,98;169,22;1,92;0;131,5;0;30,53;0;6,81;48,92;0;137,61;0;251,55;10,16;178,7;0;0;0;0;0;94,42;0;0;0;111,33;17,12;0;0;78,51;2,91;0;0;262,95;29,62;0;16,16;0;30,74;0;0;278,74;344,88;34,23;0;0;0;0;0;105,82;0;0;0;0;0;20,75;0;178,63;26,73;0;12,79;0;0;0;377,99;8;0;0;0;159,64;0;1;0;0;0;0;0;0;0;0;0;0;0;15,12;0;11,11;4,44;124,96;4,98;0;26,61;0;0;17,04;79,33;0;14,64;0;394,67;0;0;0;0;4,84;0;1038,45;0;0;0;0;0;184,38;0;0;0;0;22,68;0;0;27,48;0;0;0;21,97;0;0;0;14,15;8;0;62,27;0;0;0;0;0;65,08;0;756,91;0;0;0;0;0;866,03;15,54;22,35;0;78,17;198,44;404,29;26,64;0;0;37,35;0;0;265,57;53,1;0;258,68;0;27,98;0;213,18;0;0;0;0;73,05;0;10;63,17;0;0;0;383,31;0;22,63;0;0;0;0;0;295,66;0;13,17;0;0;0;0;10,96;0;0;2;34,42;0;0;0;29,91;69,19;4,48;39,26;0;220;329,78;0;71,94;0;0;53,98;0;0;586,41;17,05;42,99;0;26,88;30,75;0;2,88;30,45;0;0;325,22;29,93;0;0;105,58;0;0,96;0;0;0;253,73;89,68;0;10,17;0;0;65,95;0;0;1800,84;0;0;19,42;0;0;0;0;0;0;0;0;0;0;0;0;1160,78;0;0;0;27,66;0;58,88;0;0;0;0;0;0;0;0;0;0;0;0;0;33,04;0;0;Tylencholaimidae;Tylencholaimus
Nem_41;0;0;0;0;0;0;69,57;0;0;0;484,94;0;97,91;36,86;0;19,14;0;62,64;22,65;0;458,7;29,46;0;106,5;270,58;0;0;207,49;71,78;0;0;0;0;0;6;0;156,71;310,4;507,34;0;0;0;0;0;136,75;0;0;8,15;28,26;69,18;127,62;23,83;0;0;0;0;45;0;25,3;0;34,52;0;902,27;0;0;0;0;47,35;0;239,21;0;0;0;52,42;15,55;0;8,4;400;87,83;18,04;166,78;225,46;29,07;183,15;183,82;115,34;0;10,11;0;0;0;6;0;123,66;0;0;5,34;228,76;0;0;0;0;0;0;0;0;0;22,6;24,85;0;0;0;172,84;21;0;0;0;33,44;0;0;0;0;0;0;0;0;1,92;0;0;0;30,53;253,99;0;0;24,01;0;27,2;0;10,16;0;210,63;0;0;12,5;76,79;0;0;0;0;0;17,12;0;358,03;0;19,4;17,84;71,37;0;29,62;200;0;75,48;0;0;82,82;0;0;136,92;50,25;53,3;877,86;0;16,56;0;338,12;306,68;0;103,75;46,86;0;85,64;0;6;51,44;268,68;44,57;55,77;125,71;0;3;104,8;4,84;0;79,82;0;0;2;13,34;79,15;0;74,69;0;16,88;0;47,37;23,15;0;90,72;0;0;0;41,65;0;73,38;0;0;7;0;0;0;29,27;64,38;0;182,96;105,42;172,45;0;2,9;430,85;64,9;0;0;0;0;223,4;0;0;0;0;0;0;0;238,1;549,51;0;0;250,29;0;8;0;0;0;251,2;0;0;0;0;102;11,05;210,45;86,77;295,83;0;152,65;0;130,95;77,43;0;0;0;67,04;37,08;78,17;0;0;0;0;0;298,78;127,65;0;0;0;137,05;155,21;0;419,64;22,52;0;0;59,29;0;50,52;0;0;0;25,27;0;98,7;0;0;0;0;70,57;0;0;85,21;45,62;0;254,91;0;0;0;0;891,03;0;436,76;12,2;0;68,84;0;136,96;0;74,77;0;0;0;0;0;0;181,25;0;0;0;10,8;0;0;0;0;0;52,08;0;0;0;2,88;0;91,43;997,65;0;0;139,56;13,89;0;0;0;190,07;156,14;23,36;0;0;151,56;0;409,57;0;0;0;0;0;0;0;0;123,43;20,13;81,39;0;248,89;0;0;81,67;31,66;0;20,14;24,03;0;26,59;19,44;255,38;221,28;0;0;0;0;700;0;0;0;0;0;312,5;2;4;0;0;0;21,01;25,93;Telotylenchidae;Tylenchorhynchus
Nem_42;0;0;0;7,7;0;0;0;0;0;0;0;0;0;0;70,65;0;0;50;0;0;0;0;0;45,64;0;16,85;0;0;0;0;0;0;0;0;66,83;0;0;0;0;0;0;0;0;0;0;0;0;4,07;0;0;0;0;0;0;0;0;105;0;6,32;0;2;0;0;0;0;0;0;0;9,73;39,87;0;107,56;61,44;0;0;24,57;0;0;0;0;0;75,15;0;228,93;0;0;0;30,32;57,71;20,58;0;0;50;123,66;0;0;0;0;221,5;0;10,35;14,1;84,51;0;106,38;4,68;19,34;0;0;0;27,16;15,44;69,14;42;38,09;45,5;0;66,88;0;0;17,61;41,22;0;0;9,46;0;0;36,92;0;0;213,71;14,94;1,94;195,7;10;0;0;94,33;0;0;0;152,07;129,87;42;10,97;0;0;2;0;54;0;0;0;47,11;0,97;0;0;49,3;592,44;333,33;0;25,16;0;115,66;0;0;86,22;0;40,2;17,77;4;6,74;33,13;21,16;58,8;83,64;0;74,11;23,43;103,76;149,87;357,25;0;154,31;0;29,71;0;0;0;0;78,6;1,94;3,54;59,86;17,06;10;41,15;146,73;39,57;0;0;6,22;50,64;0;0;69,46;0;0;0;100;4,44;0;0;0;53,23;56,09;0;0;0;32,3;43,91;0;0;2;105,42;0;48,19;3,87;34,47;129,81;0;52,43;54,04;0;42,55;55,31;0;0;7,33;0;4,54;18,19;0;329,7;0;8,03;33,37;0;175,88;25,43;0;0;251,2;9,94;0;0;0;61,2;11,05;7,52;21,69;0;14,84;50,88;0;0;15,49;164,55;0;0;156,43;37,08;156,35;0;44,92;53,28;22,11;0;0;0;0;113,82;11,8;9,14;51,74;0;195,83;360,24;0;379,1;326,07;58,91;101,04;109,57;31,95;52,35;138,97;20,88;345,46;184,52;0;18,63;384,63;352,84;611,64;0;255,62;0;62,72;0;4,39;0;144,29;608,7;140,69;197,34;254,78;36,59;29,41;34,42;5,79;85,6;377,91;0;0;4,48;255,22;0;0;0;51,79;0;7,63;22,38;32,39;13,99;4;101,99;0;42,99;208,33;0;0;0;1,92;395,8;182,86;62,35;8;89,79;23,26;41,67;15,08;0;14,45;118,79;52,05;0;0;14,95;151,56;4;0;0;12,21;0;0;0;18,5;64,12;0;58,47;25,16;113,94;0;106,67;17,46;165,76;27,22;221,59;39,39;201,44;264,32;0;53,17;58,33;255,38;248,94;121,64;29,44;11,67;270;0;75,58;8,84;0;12,69;61,59;100;79,79;44,12;0;0;8,26;63,04;146,92;Tylenchidae ;Tylenchus
Nem_43;0;0;0;0;0;0;0;0;0;0;0;0;0;0;0;0;11,74;0;0;0;0;0;0;15,21;0;0;15,88;0;0;28,74;17,96;0;0;0;0;0;0;0;0;26,16;52,74;0;0;0;0;0;104,77;28,52;0;0;13,43;0;0;0;0;0;0;0;0;0;0;0;0;0;109,95;0;9,76;0;0;0;0;0;0;0;0;0;0;0;0;0;0;0;0;0;0;0;0;20,21;57,71;20,58;0;0;0;41,22;0;0;5,34;0;27,69;0;0;0;14,08;10,55;0;4,68;25,79;0;0;42,98;0;0;0;0;0;0;3,77;66,88;0;0;0;0;0;0;9,46;135,37;1,92;0;43,83;61,11;122,12;59,76;1,94;0;0;0;0;0;0;2;0;0;77,92;0;0;125,89;0;0;0;22,27;0;0;17,9;109,91;0;0;0;0;0;0;0;0;0;0;0;0;129,33;0;2;0;0;0;0;0;0;0;0;0;0;0;0;0;0;0;0;0;0;0;0;1;0;0;0;0;0;1;0;0;0;0;0;0;0;4;0;0;0;0;0;11,11;84,44;0;9,97;0;0;0;2;136,36;0;32,3;29,27;0;0;0;26,35;0;0;0;0;8;0;20,97;0;0;0;55,31;0;49,9;0;28,95;0;18,19;68,03;0;0;4,02;0;0;0;0;0;0;0;0;20,76;0;22,62;0;0;0;0;0;0;0;162,83;0;0;0;72,17;46,62;22,35;0;39,09;2;14,97;53,28;0;0;0;0;182,02;6;5,9;0;0;0;0;0;0;0;0;0;33,68;36,52;0;26,18;0;2;0;0;159,71;0;0;0;0;0;0;0;0;0;0;2;0;121,74;0;0;0;0;0;0;0;0;0;0;34,59;0;0;0;14,19;2;0;0;0;12,79;0;0;0;76,49;28,42;0;0;53,77;0;0;0;30,45;0;0;0;0;0;0;30,17;159,55;0,96;0;0;0;26,71;0;0;0;0;0;0;0;0;0;0;0;0;0;0;16,28;2;0;8,73;27,63;0;0;0;0;0;0;0;0;0;0;0;0;0;0;0;0;8,84;4,83;0;0;0;39,9;0;0;0;0;0;0;Plectidae;Wilsonema
Nem_44;0;0;0;0;0;0;0;0;0;0;0;0;0;0;0;0;0;6;0;21,58;38,22;0;0;0;0;2;0;6;20,51;0;0;0;4;0;0;62,21;15,67;0;0;0;0;0;0;0;4;75,96;0;0;0;15,37;6,72;47,66;25,34;0;0;0;6;0;0;13,12;0;10,95;28,2;0;27,49;14,81;0;0;19,45;0;0;0;0;0;0;12,28;0;0;14,64;18,04;41,69;0;14,54;0;36,76;23,07;0;10,11;0;0;0;0;0;0;0;0;0;0;0;0;62,12;0;28,17;0;0;9,36;0;0;0;0;0;0;0;0;0;11,38;0;10;0;0;10;0;0;0;9,46;0;0;0;0;0;0;0;0;0;0;0;0;15,72;0;0;21,06;0;25,97;28;0;0;0;0;0;0;0;0;0;0;0,97;0;17,84;0;25;0;0;0;0;57,83;0;20;25;13,69;0;0;0;0;0;16;14,7;20;15,63;0;23,43;0;42,82;0;26,73;0;38,38;14,86;0;0;12,19;0;10;0,97;0;0;0;0;0;0;65,96;0;0;0;4;0;23,68;0;50;15,12;0;0;0;0;0;0;0;0;1;0;0;2;6;0;46,43;0;0;28,74;0;0;0;194,71;0;4;8;0;0;0;2;24,95;0;0;0;18,19;0;27,48;0;0;16,69;5,49;43,97;0;0;0;0;0;2;0;2;0;0;0;0;0;44,52;16,96;2;0;6;0;0;0;0;0;0;5,51;0;0;66,33;0;0;0;0;6;11,8;0;0;0;55,95;0;0;21,06;29,64;2;0;255,67;18,26;0;0;0;24,68;14,19;0;8;0;35,28;64,38;0;0;0;0;0;0;0;0;0;0;0;0;2;0;0;0;0;23,62;0;0;0;0;2;0;2;0;4,5;2,54;0;0;0;0;25,5;0;0;0;6;0;0;0;15,22;0;0;108,41;0;0;0;0;39,89;0;0;0;0;6,68;0;0;0;0;0;0;0;0;0;0;0;0;0;0;0;2;0;0;0;0;0;0;0;0;0;0;0;0;0;0;0;11,67;0;0;0;0;0;0;0;0;0;22,06;0;0;0;0;0;Longidoridae;Xiphinema
;;;;;;;;;;;;;;;;;;;;;;;;;;;;;;;;;;;;;;;;;;;;;;;;;;;;;;;;;;;;;;;;;;;;;;;;;;;;;;;;;;;;;;;;;;;;;;;;;;;;;;;;;;;;;;;;;;;;;;;;;;;;;;;;;;;;;;;;;;;;;;;;;;;;;;;;;;;;;;;;;;;;;;;;;;;;;;;;;;;;;;;;;;;;;;;;;;;;;;;;;;;;;;;;;;;;;;;;;;;;;;;;;;;;;;;;;;;;;;;;;;;;;;;;;;;;;;;;;;;;;;;;;;;;;;;;;;;;;;;;;;;;;;;;;;;;;;;;;;;;;;;;;;;;;;;;;;;;;;;;;;;;;;;;;;;;;;;;;;;;;;;;;;;;;;;;;;;;;;;;;;;;;;;;;;;;;;;;;;;;;;;;;;;;;;;;;;;;;;;;;;;;;;;family;genus
